,review_id,stars
0,SE3NWk7exO4LhLrG-4fq8A,3
1,HDjbIqJJNqgOLezeikEA_w,5
2,_TrAAObnxO9ZHfY6twWB1w,5
3,jqjtghMH3Uy6mGYk7k9Heg,4
4,0c4Tn5kRB09dByvmcEWxbw,5
5,okNCshpjPBrFgjiunPw5_g,5
6,FoXJaw6So0q8aCDN4vaKyw,5
7,9EDZCpuBFus-WvnCEtSkvQ,3
8,Ng_IzE5v-VYK5f9e7ms0Gg,4
9,ETMe89vR_YlfBk0rHFc_rw,4
10,RyuGo6frJAt4NsgMN5VU8g,3
11,3ANCbVZXv_vG_KqCg5BUaw,5
12,xwML8vR6YLG6MWGmBy-G4g,5
13,nSblsfBmK_DYWKB2R9btNA,4
14,MfaGwegYcwbizHGmlRlJRQ,3
15,uB2rzQJA4FAWAjYhsiR30A,5
16,AAP8sBo0zlBOpvU8y2_p5A,5
17,NR3Y2T3WkgNgsDwNsbhNHQ,3
18,oYsfLKdzFX7Oz7B0txpN8w,5
19,lfFvyb8IUKtfKu8syx_4oA,1
20,oshK90_my5s8KNuP33vnEA,5
21,gKMdJFV51LToZaHd1UtTzg,5
22,g_huWJuj-h5ySOH2ptKRaw,5
23,tfEu4_7fiO_OiO9FZFxTWA,5
24,HUB8NNuDRh0kKS6FrvEKQg,4
25,KIHbG9EbqSTPJFZw_K4bYA,5
26,6nCCIrBRiG2IfPXUb6cPYg,5
27,DZYU6yP_Yq8UuD7OXEuT8g,1
28,0bcvLyr-3xNyM4-DerzIlw,5
29,5ep5KrxQmkS9Q-yYfvut2Q,2
30,UwzEwBwsUBek6Vn2mcROqQ,5
31,q-s-HpObKNYE0IkdKpOnpg,5
32,1z-33lDxrO8uend0FmMU1g,5
33,dqv_dtd1GEcQjbWUxBKqCw,5
34,ogmQFgCfqkVQo_iFIaILOw,4
35,tTHjCJvQQwCJN8-GcZOgZA,4
36,00Pf9TlMZBgn5EziQAlFKw,1
37,C4rcjVQObI5NiiPgjKxHnA,5
38,w34XkHL2ZSRS5eYoizL8bw,3
39,27fpU4WKZqljgI1o7VykDA,1
40,r-oTncAg_h0UC5W33SOM7Q,1
41,69yY48SDj-UDCKlGgn-nqg,5
42,BNNhg9tZcsadQWFT_gQfRQ,5
43,-RAazFUrFwjK72WEYMl9Nw,5
44,-spAj4A-zp7X7wHFiwz4HQ,5
45,IH3xRXwygeYH8orFRXfWCQ,2
46,ryffeSsvjQ_NzJMeaPFjpA,4
47,WRPCyUZ8U60vjNtN9LnQIQ,4
48,7McmKPDZ3OAgZZktQdx8cg,5
49,2YRVyeg-5pXkZ5K2LkBESw,1
50,tQV6GirvH1dYjFsGR50xaA,4
51,y1qRSXr3R1i8RNKZ-IKtIw,1
52,GCb1Auf_SlJo5uwSBETRNw,1
53,Ftie-79aDeaDzu3mkyAwZQ,4
54,p7vMNCPpUNxaskI_o6pupQ,4
55,a_Ilvo1En3VZ3bTSK-KwpA,5
56,gS_wbCsqXHp_gK7U7iLzFw,4
57,d616vNp4tZoaz-FV19bbjA,3
58,u6MYBUH_KJ3bK5RCPE8T6w,4
59,sIiiPu0WI1UC8qBj3wmERg,5
60,knTxVd3-ppOA5COtoU_Tpw,4
61,ecIhFFhZPQ_FhohQLR2ONA,5
62,gB7ZjbwvlSBWfPawBDCO0Q,5
63,bCTpKGXgtUxGHECnMyj5SQ,4
64,7ja6sCCLWSLVy52SmIcJ6A,4
65,qsMxFj7qzvzuuVJQnHBdvQ,5
66,yWJ0y8okzShoIah34ACuiQ,1
67,6ffxoZJdP6A0jW7cTxHQgA,5
68,PvgwlfXwBMvIuj3J-qA01w,4
69,2nWkb-Bnur3e4FCs8l7epQ,2
70,aBlbhUUd100tyPAYvurQ6A,5
71,cqS3v-1UxNcKLSgclap-ew,1
72,fZw6oyjD7H8wEJ6CjrTDWg,4
73,JTRlswjrk4RhGK88Kja4eg,5
74,uPc5Vo9qD3b0nH-vm60Itg,5
75,YUcLjdBMz_kGe84UbTk-cQ,5
76,7V5w2_WN2uOUsBL5-81pVA,1
77,_QPkW7xogLyiUl-7twR2lw,4
78,YQFi7qArAT_6XPoJM876mg,4
79,eWxuonb23WJ5lZK_keGssQ,5
80,raanYS04IA93V6KcL9vbdw,5
81,whbIDGqZj9zHd4EpLbhGpw,4
82,xwntN1JZWkF_PQqI3kixgQ,5
83,aq_fEdI61JYMgPCKj1VCSg,4
84,g1oGs0_gJKWHtU6Fm6CgoQ,4
85,NxlXku1BqXomnLGE-ln_Jg,5
86,lCisZXXXFOvidyjzj4Gfog,5
87,0dKXlRY-YpVxhdmTzzsTGw,4
88,43Ov43XABDfT8GsNjNt8yg,4
89,TGjPcGGwonB-prVjdSeMrA,4
90,yuZ7iAgI3qp8kANqQVnglg,5
91,Bu50-egt-4uska4t4FfdMQ,5
92,SgRgtW6zMqPIGQ6AmXtCgQ,4
93,lvM7-zg-PPeYO8nDeAL5Ng,5
94,N6j9wXudDYwJCX2rGKwOEQ,4
95,TfaSk3HVV5aCo05vMOl5Ig,5
96,xlPygHPd9kcUkW0VEGPX1w,4
97,_7Qu_cKq2HoGVUwECSf_aQ,3
98,zaU1xU0vmOSH4WpiATMEiw,4
99,8t7Q8pk3rzkfiOkU-ilo7Q,5
100,iMBnX5AlbVtWc_8vNwgrbg,5
101,nc7_TBoHXQLIrbAlef5dcA,4
102,x8SAjegcF91kVRfjCsyIpQ,4
103,hMvIuKaaYeNdXDzxuGv6oQ,5
104,vyHsTVhpieP7YqEyZSwdoQ,4
105,Hau5rQE3oS9c0ugozQilbg,5
106,PFEe-ccO0dRs0VA_UsD9Yw,4
107,5L_gla6vT71M3tC5vXfoBg,3
108,atPgxfKbM3btqjtKDUBOUA,5
109,y-Mh7U0Toj6ZSkQGc7IwrA,1
110,sTwruoUXia1b5CjPEhf75g,1
111,KRLCuL2hQidWuG3m6ZqlgQ,5
112,6E7K3_y22A_ASR0ROwGrNA,2
113,WF9RBZJFe2aJtNAIcD1PGg,5
114,-e2dqRuOqTThRCVGZz_NaQ,2
115,oPLS_C_3sp2P5A2YsQhEDA,3
116,KE9k35mdHDhyE7egko9BFA,3
117,8sLmXiQo1IL5jf_RXga5Ow,5
118,_YsZpNXj_cGyxDxquGRVZQ,5
119,ORf2AcipZdRtZdVCiSBJEQ,3
120,bDyLAQhLTg9Yvlq138aBww,3
121,QS-dOhBRHj5LunLYT5RcAQ,1
122,hdn4KTwKRgHLdOgAiCdMUw,4
123,ItP80GWFEEgv9tIUgc3jbQ,5
124,il8fBri2cJpeDsb0BV-85Q,4
125,kX0LHhgUw9hgqJUrQDIuFw,4
126,sBn1rOr4EtLJuAq5WLyN9A,1
127,8qP9Mjpu4Mz5gNAtaCfBMg,4
128,luVS_yYDsFXBnE1nv5bnmQ,5
129,GmX3KFclITi1o9WcIE41tA,4
130,JB7bnppWqpehZR82iJYeSQ,1
131,AMaGNol40NKx9y8wmyIeng,2
132,rhTpnuIFmrCDUxJCVAIPOA,5
133,yQzCg4GHW53Hda8vPwTGpw,4
134,LS36Wbd5VwhvNFX1_Rz5qg,5
135,UILGuAXoC-5pQ41S14fCEA,1
136,tnRANoyLhd2vMI8w6a_ihw,5
137,o8pqzwyqJPTBL7malQfN-w,5
138,IbvLNz9GymyvmadzgMIJvg,5
139,1fR98ukP9yg06kAG0sh8ZA,1
140,QBcGdc66ZRx1THNcVeb4FQ,5
141,8g5rWu6QCqq2b3T9JoGBdw,5
142,4xGowZYxfhkkWC2x03q_oQ,4
143,-LvhiKfXhftUA9BuNWApiw,5
144,nfUvohPybH1ioM1bk0YyPA,5
145,EPGK_LlQqR3qF0ePGBBpCg,4
146,ljQEV-vfrZZjuJZGpjADBw,4
147,iJ6F896oatQQSWv_ev2cAg,5
148,fMUuJceaT0QzArpfY5ndsw,4
149,ZcY3WOYOQwaiA2m10vM44Q,5
150,gkge2Oa0GC79ZCL_Z7poJQ,4
151,0yDrJKATUKHf36Nw5OUyTQ,5
152,Zs_-mRPAZqXcUSwdYQPvjg,1
153,5VrxFU-AyNlKinU6oI_CHA,1
154,agnkYf5jF4iI69Y8ERMIUA,2
155,VyHhdwFe-0ECsqeejOSQcw,5
156,CGqFTUUMqLMUEodTIDLsDg,5
157,Pc7hFaa3nnGfEjAY4mHdoQ,2
158,t_GJJHy7c7g55rbHJA4OOg,5
159,bWHL3ORJYaxvERw8s-y76A,1
160,BP2r8LIjlIUO9buIKj9PQg,4
161,9ERElR4hOC6EhhkHIm1fCQ,5
162,ED78WVpMZsx52fqeQuWHqw,3
163,uU8_a79MtCEUArRrYcx3lQ,5
164,QN1kY4KM27wQ-Egg-Q02oQ,5
165,15QfoOZy40TbXAUM6z4iPQ,4
166,2vOajUsms2EThyWmeGoD4g,1
167,J5SDPZsirwZnn8m1N08tIg,2
168,Hy065tKBjPUsPfovVVYAWg,2
169,Vzse5Wz-bIHFNJQyEhaRaQ,5
170,JSkZjOwGDfYieE3XkpXZiQ,5
171,edpko6tgvMTiZrigKVkB9w,5
172,cEXgwSaEwHa4164uAW40Ug,5
173,bH6bd3b8PFU8AxLVDRASAQ,4
174,vLVTHAwJaePJDcSbNNE-dg,5
175,TcGwsh4SpGOw_e3gj60XBw,5
176,5OAEjbzu6E9TVCGdvkGktw,5
177,mljJ6P7VMkG4mojb94xqiQ,5
178,jw9UmIGMPVoUcHBY7wbBRQ,5
179,9rE0O62gZ1roptti2ii1EQ,1
180,wN60MSvRif3ArcUX7wDkvw,5
181,tycq2tBZWlvyxlxDsFIpXw,4
182,Z6U2A5CMp9aUdV76cM6Bwg,2
183,KzcoLHYyeO66W2txtp1mzQ,5
184,EwRYRSv-FJFitiIOSm52GA,4
185,Qjilv2UYXvS1PcSQC2k6_w,4
186,H8VhnDNVSTWrqjhH--uYuQ,1
187,iO5FprdZjNqm7fnxJbK2MA,5
188,qv67xLMMnkSf6f3ZlLOCzg,4
189,fzabwPkqTTKDKTcsbIKjZQ,5
190,FBOYzGS7Agj3BDhO_BNa7w,4
191,zVOLZB4UqfQAmPzi9Qtdmw,3
192,7hVfuxQlAXlfB7-2bR81WQ,5
193,lnFmTtddlWZCl8KefYFKDw,5
194,sgzxigkkqyrG_Uj5XjT2AA,1
195,nKZn4WI3wxjmJbY1ilmFEQ,5
196,dRTEl5TM0dwMTjUXLbMDVA,4
197,-gkSwqa3dojpiBklW2I0Fw,2
198,541CWhbgrbtQQMaByYAT2A,3
199,EPjR70ifrmtYNJXrqCz7MA,5
200,lapSdnhL_eIv5mXdOP6_DQ,5
201,ubyrG58mx2E3T8nBpTXPOg,4
202,D_FBl9xRfUwaI-XvJWpR6w,5
203,e_Tc7Ord6f34w2Y91Vq03w,5
204,QZgl-h8aaHpkZihrQNFFCw,1
205,4xK1xqwAa0zCNGnnhDuAGQ,5
206,msFgvoCzR_DYw9KfYfBJzw,4
207,SZLU9077Qkim0BVt8ArupQ,1
208,JYfspG-ACLywtoHgZd80gA,4
209,PAYiEsMsr37b6mlAaoBZxA,3
210,8nogXkKLsH1qOZsT5AnAqw,1
211,beVemasoXtCvTsi45UOfeQ,4
212,jyAo8DZIRGDMBsadtEe-SA,4
213,iPjtKyzy1rhWla3Q0znIyA,5
214,5R9dHLBl9mOw5YUzxz5NaQ,5
215,9vbjvTMW0Ixv1UnRIbHHaQ,5
216,xHwTKVMNrwExZ484CSjUOg,2
217,avsCvUNS8rL0vjcqvahCYg,1
218,enqFRS99xyS0K0oAJF_f4g,4
219,zhFnH16_gIixWkPJU8cwHQ,1
220,rnuEeuP0MvbsG9PRH6SqJw,2
221,p14TY4OzVhm6U8T6NX1BaA,5
222,zGAvrElaD6VX0heJuWvGTQ,1
223,vCv-e0PRg-ckRL2-KU0sJA,5
224,WnCFVuoe3zqi6OvZzJ7m7g,5
225,n1MnmhP5tqIKUgr7DT9qmA,5
226,GEbK7dagj7kMiZ6dau790Q,5
227,d4Z7hH1QEGfngCXdvayFQg,4
228,-UmwvLs11Hqekcc9qY9law,4
229,IwPCrqxU2mWSZnmuwSTjHg,5
230,aiqSdDRU17JTDD2l8jTKvg,5
231,NuNM420iR5gDRtJkTewdUg,4
232,8nkHsOgwQHX-wqKxAIhUBQ,4
233,LpIIeMzeILAplYee1g6Pxg,1
234,rnBPGIX-5VkKvU9dGO8iNw,1
235,VJ8NG2-TbfpOqqvLY-02aA,1
236,WvsHLKEfMiYgerg1RP8P7A,4
237,Asc2tpdAmDWya_JH7loLZw,5
238,dJUEoBOFuolhfen-upo9Dg,5
239,DGKggTNAjVJTThjqRPyQBA,5
240,99OnGvt-cSss3a4yMcz0jw,5
241,793LnYKsqZTPOnBy708tSQ,5
242,OEMH5hi_6AlUzT9mnF_rVQ,5
243,fIKyWEq32KYWhKvb1sB93Q,5
244,xvEod3IqZz0iricm4C-GNA,2
245,RKrA8HwcfrPXuSrkJM90pg,1
246,bH5T1cCGVBWpKdWkMaEVMQ,5
247,yTqQpJCU7vi9mmdcz7fBfw,2
248,99Vrj00H4mgtk7WXSu5xmw,1
249,-mxkJQMfU6nne9yQar4IwA,5
250,U4QXL0BTd5dI8g35YgWRFw,5
251,RNz5OqqUCB7KOV0NE78d0g,5
252,V7_8vZWf4tLNFpmRKUIvdA,5
253,sDLlDj6MvxwJOvAe38JXhg,3
254,BFuFPu6Ygz8S-4jB-NKo8Q,5
255,oXDoto8RXqbsY7mJGDMq4w,1
256,i_kduNsyFylJ4Vw-_7Jxkg,5
257,-IGjhXkIbrUMuh8aTD9v_A,5
258,2yFOuuevvviZ7NE-F_6-vg,5
259,bDLvAJw9TSkLXHGvDUbuAA,2
260,Kb45k_XQiTIgR70ZVBYVfQ,4
261,hoJsPhesAsTkvVhO0wxa2w,5
262,ggCWrRSft3UJMEEnoUBWpg,4
263,F_Sapx6DwvuUDFDgP6j1UA,5
264,IoA2FnNmKv41TdVVwqpy-A,4
265,HN0uHI5Q0p9opm3W0eOjRA,5
266,xJEu7cOGIajtS3kP8bdbGA,5
267,HkiZu4bLNEn61DkDV-EbzQ,1
268,UltN0h2g5llf90JRDQ1HwQ,4
269,B2NdbO00elXypAsQN7wCIw,3
270,SEaVXVFJJicIQKDKOw9cwg,5
271,3u9W8jVs3efkaNjD9oZN9A,2
272,m4qUrZcQ8pkGb5HQcJWwTg,4
273,firgp5O_3-wui9RWrOJyOg,2
274,MiMN_QvN21eEE9gTqZ3Ftg,5
275,HOz9kSZD193XJu6tvlFEgw,5
276,knwV8T9iAiJXnOaRi2vzvw,5
277,MTWL0m9hUTQyzmRrtchPog,1
278,jFVxVJvvax9AiSW4TOSj7A,4
279,66Czr9QE4VntHzrgX_nK6g,1
280,pHqwpdbiA5h2OKFX4L-kSQ,2
281,jzguOEGcFmPTcPHHM_h1iQ,2
282,xzzc3hZmI0gqcrqmfw7NqA,1
283,YH7e0BW12_1L-jIcLormOg,1
284,uys3yUHHVPUH7yKeqlgolA,3
285,Dst2RA3k9V8wbbtR2z4vnQ,1
286,DJcPwQq25M2yjidEi4rDEg,5
287,r1n7ip-669sExoQ9Qcoh2A,5
288,Tu5bYnBnx-DMOyjXJX3smg,4
289,axFdsrRNeDCppCQ7kKWBXg,3
290,S4omMSi18I3E2eqbSJpnog,5
291,bHx-voHbZ6kLEbPT9J-73g,5
292,NAqJ1ZEU2nGYqUafvdxXJg,5
293,WRv45hLTuwjDYGz6SGObGg,4
294,xHRjLd_1qTst30IDqRh_Fg,5
295,ZuxIPPl1dgs9ayUdrFtSrQ,5
296,KdzmcTT84DxyXKiWbfLTjQ,4
297,1nGTGhyeH00KZ66pKwc72Q,5
298,JBY00r4Dadn7cZt6VmINmw,1
299,xEu2QJNFazAZUBIRNexdTA,4
300,W6LD8whJqv6YmX61qGmgGw,2
301,luaRiDaGiMN3e643VDLJZA,3
302,0lrix8A9tm3wYXdr64mXdQ,3
303,eckcHJ7GD-k4VqEp0l4Dgw,1
304,an_0scMbTftoYk7K9JWNvg,1
305,J-0lDIckojmC68ilsFtb8w,4
306,3nh0URvidRp7-dHjxUHbAQ,5
307,SomPd3Dz3PsKbW7N03asDA,2
308,U_omfMgonDj4Uol4BdKxfg,1
309,NyGzFpQxBQNQvFrssoN4zA,5
310,YOUp5doQbr2nXXO1QnEa_g,1
311,pjBDBGJ91h8qo3NQCqEcgQ,1
312,HcXeABZsqU9rD_EUXafzow,4
313,QMX70aZ8RkYricQqH0cEIw,1
314,Efuc5PTl-t-C6Xa0vewDAg,4
315,mgLE-eP2U6D3049YIUcwdA,5
316,vzKcplwzv2fftLfuTBZAdw,1
317,yJANb2O12mTw7SzWWwnVug,5
318,gjUQG8ifOAn97wTQXi2EFA,3
319,4HCwnWoXodZcJXcMH95xnA,5
320,OnfTSY3vY1hR485SeayZUw,5
321,ZJs0lzfiEYeF8iZ2BSzpVw,1
322,NOUtPdvKAjhXXbZSKXsK1A,5
323,W7HeDJHs-aG8CT4fnFubig,4
324,3A2Hnc69sQlQcd9Ij7NCpQ,5
325,TSammZ0ZM7DtJ0nKlpv4zg,5
326,tG3kDiCbCg42HCgeF48csA,1
327,Kj93aHRMRaadIUTgPDIFqA,5
328,5WycUS2qp3UXnDiNR6zKgA,5
329,i_lyb817znzVrrrcDSMH8w,5
330,S24EIsK5OJHC1ncUxw3DMQ,5
331,fgMlf0g2OHHt-q6b3gjktQ,3
332,PXSeBU0i_ePq4azM54ubtQ,2
333,h_cY_qp2ZHuo85R36VA0HQ,5
334,WcMryUFQPGpEt_5RR2hvwQ,4
335,lWuXy5UZNbxJ1619e9codg,1
336,3giD_YXL31sEveiBOWdrjw,1
337,3ttMHGwASETwR5npVzZOEA,5
338,vHMYjdDoVW9RC_qpDHU5Og,1
339,gsIDOyi_ZzyaJlaIQAGDvA,5
340,fBzimcHcu_bh2Vg8lX3OXQ,1
341,YMum2d_nZnndNhQnxODv0w,4
342,VkcnbeR-gGHi_idOHQfL1A,5
343,M2wf6by85wJMpzkSHJFwyg,3
344,ONtizSAqCTVtsZG9QcY7VQ,1
345,4Ap_LifsZSvGlbps-kwdtQ,5
346,7iO9oSXBvutzUnr1c1wesw,4
347,vZj__5dvHN2kVhDcBSx9gw,5
348,dZbFdt5XQ_0OWh8Lvy0H1A,1
349,6Uo7sWtFGeSvA_MdVNqfXA,5
350,AGcVE16BSSsJIBG3rGOIuA,5
351,AG4vp4zf8Q6SSsAzsZ_crQ,3
352,4zFBWySpiahPqaVPzMetPg,5
353,9n9uaTNwhCOBzIkz9p0rXQ,4
354,lratyVl_WmJBHa47S1v_iQ,4
355,Pl7fVw3Qc-kFEtiKWsWq2w,5
356,D-5wjxHL_UXD9udhwFs5fw,4
357,6BCkWDGFWr_RbQsdxJ4Krw,4
358,W9t5byqw0sLDM29ibuE5lw,5
359,Ywb1ahp3rbXMdA_vUtk4xA,3
360,v258QCKvTDFJI3y5z-P5bA,3
361,CNFKRHRXC54s1KsGQfo3sA,3
362,jq91S4PK_fzMDQnrZZSLqQ,5
363,ovVcPQ6kDwJmlJVwKAPbwA,4
364,8HIn4BUBEa_Cx80I3didcQ,4
365,CKRXPuUtAWcH_H3CmD2VNw,4
366,R6wg0TPcU8Qd_gvC4YriJw,5
367,6oxaW2hAyFbmPU5esQ1U1w,4
368,IyD2yrYndQ1wwZUsvGmG2Q,4
369,QDwKGqi6_JPtCVFTK2Kz8w,1
370,r9-4xmtc6xZ_vqlNjm0tJw,3
371,QsANWxWij7p89LgyPGll5w,5
372,5dxTFJIqd80jF1KDcHoyNA,4
373,xiNvc63pLRz6lXgpfqiEmw,1
374,7P7bIVMj8_W8BbDM4BqqxA,1
375,X34X4QKfQopj3Fwm_a_O0w,4
376,-lrzA6IRMah3q6LMVlOfnA,1
377,wiZ-mWFrs7FhVBgcvgVmow,4
378,lljYnu3IfVGAkfkLXdGiGg,4
379,IHZAfZk6C8pBgNjzjgdMaA,5
380,ui8stcPx1hlB2lg84B_hlA,1
381,mpc-bjjqIgDAJisgSbo3qw,5
382,JJICn3qmHwPV7ILfz3cMjQ,5
383,JTEuUfuzWUawpVIPE2pCwg,4
384,hrg1i4gfmTagYZzYZbtHEQ,4
385,QP-MRjLq9524ejzy3IwEUg,1
386,Hg-dkw5gMn6hBTaiu-slrA,4
387,zL8nmVpLy21ENI99hB7G9w,2
388,z97YxW-epw_LSHodefe2fA,4
389,mjNFpsW6MIq4i_noS8xiqg,4
390,iTzi7cx37FEv_hoNhFGn1w,5
391,BlR_dDsdhN07YM_O4WDX1Q,5
392,LAtaW8oOxSnFyTI2r5eQyQ,4
393,iPRvQN6RXX-vUxuyKVKJRA,4
394,YnUU9dba6GcuARaszvjbVA,4
395,7enpZI3XVH7afOQXRb5psw,5
396,qahwZAYnpGg4cdik1NDgIw,4
397,XRNiCK-m-NxX3ZMPbhUQ0Q,5
398,LSKTZzodm36eDbeK-ou5SA,5
399,_bcOjrcwjEg73qEfYTMxTw,5
400,wkHxI6jCufB57J61xHUGkg,1
401,565XVVbJopYv-t3bN8RnCg,5
402,jIzAjQQoQIYZ_6QpXRkiEQ,4
403,odAWgKPzDBde3wyVaAme5g,4
404,WXbHZcezhVNhp7zQVYTVMQ,1
405,eNoUUVDp68LVOAUx3xKBOw,5
406,LMWvga-dyEJvuEIsnfKu_Q,5
407,enc6pSFiltufcpy0-6A9ng,1
408,AThJO2i3vtQbH1XlnQo_Nw,5
409,kQfNOXR2EFU2h5IW-2z-3Q,5
410,8M8wq5MdmKNoEBLMvV8HjA,4
411,-N_X04_7DGG4VitNWn2-LQ,4
412,baXXDW6GCjxCAkrrv86OxA,5
413,QUNl7lRm8IIdKbfeonB9iQ,1
414,TnBKNyAFpDNToMiAEzBjlA,4
415,O1Lmi70y4LPzg8khTnTVNA,5
416,aEhREIvsm79DvazPRSgXgA,5
417,ORPYunLFJ3x1vRkDzhx2tg,1
418,Ajgtq4kXE8sn__zOCTE8rA,5
419,jKrg1LicyGVpsUIvOEJbmg,5
420,dQPvQWemdSEtZ8TrP4jl6g,5
421,Ahn-Zz3V_bqKvxVZOMJCBg,3
422,UO2adbTh_zHGscT8gZbQeA,3
423,Y5mKEb9nVvthel8z-Gcumw,4
424,6o8RlDcT-i8_N2IXObSI9Q,1
425,ODD91K8YB7Zh_Kd7xhgrJg,5
426,LO6iXU4j11_zdtILByNvVA,5
427,MpoDx_THHxeOlWb9BF71pw,5
428,s0C0TWuzK_37iiY8_j131g,5
429,bJ9CIa6NFfePqJroqVq4_w,5
430,8bDroNvpceGe1q50XGZc6g,5
431,aAXe3gYYhXMwSeCzphiofg,5
432,NBc9qXYuJ9DwNVZevRlPbw,5
433,j-q_wk6K2zZgethr-Nhy3Q,2
434,1Ys8JZin7Eh1GwpO9H0Lpg,2
435,WP6D6rjtuUBExBcge1CvbQ,3
436,9HBtX0DhKYj1Vong22QulA,5
437,8mf7kk6XoFN5F90czSrhmA,3
438,-U-sRXlu-evcCW8AiMFPAw,5
439,r2UueZTE-GFQvAZQs4YZdA,3
440,aKGsoZFN9kgMw8FLw5y65A,3
441,q0rgNrhGcekHa5ETOzZhBw,5
442,MlQ6nE1t4APvI18nYqCEBg,3
443,T4UPO4UuBKwZnXf6VsFm4w,4
444,ZVc8mPgw80KzzZkoqYcS7Q,3
445,ipfm_OttELb_NdpZQoFECg,5
446,qCcN-VX18UB9Q_gIy4kyDA,4
447,r6YUZ6bvA-MHRmB09EG6tg,5
448,0h_NU90Gi0SyTxainKAT2w,4
449,B7fP_5iw8CTd49UCkVvb7w,5
450,NnxFqTUpDjocSNvRAj7fUA,5
451,sJkf6nmnN7jIAbo4QbOt2Q,2
452,HHR3vlnfGG71gBkC-ylTcQ,3
453,H2OOlVTnO4vw8_youVDFmw,3
454,D0JnsuzBc_xItr_R40oYzw,1
455,yCxU7f1iW0JOgrjtor-60w,4
456,EYOx1R7s54WPhOl_mqPLkg,3
457,NhidAaf6UCnnDcZCrGZBjA,5
458,w84QcugiQInDDpSWjf_s0A,3
459,XxkXp-qFuqE3cfBergJnfg,5
460,wGINlUBsJToqCwJEwTYjuA,1
461,d78v_6aqbz7E5iQw_YnRxA,5
462,SvJEnR74EPD1iLk0rMUGoA,5
463,uqpSweJoJ4Ehnf4gdT4yEw,1
464,xqH-eszXVhUgF1xuBLMLNg,3
465,YvZ0iBeqDy-ms-g9WsQpjw,5
466,RWY-K6ETFVgrUnwIbE-VdQ,4
467,dtxgScZc6xoFkg-GbaeDJg,5
468,UPYwqLVvZC5QpTzvooCzjw,3
469,l9NHLf-2ZKmL15tYdiJb-A,5
470,m1sNmiimyMd674mNs_cfvQ,5
471,V5atGUGyNioMrJkTa6zrVQ,1
472,sqIa935TAmCZaZEUrv7DRw,5
473,jK8cFLTHeDkSgymuQxFo3w,1
474,VPDPlxvituxsFH9tw7Dbdw,1
475,7aKpzpyOIE2ax4OkEfvAow,4
476,2ERWMueIYQZaZ0_qJ-n-Iw,5
477,kyMOLp53VhuSVgTqWSGCxA,5
478,cQbQ1EA6mv4vfj_gkjM3xw,1
479,yYuHcPPSuSzIRe9ymmvE_A,4
480,EdPc9f2wDtmpyk1aAx4jcA,3
481,avsdrLGGXzwRMhrWtChRFA,5
482,sFACb9sY3zwNYGEEMb3q0A,1
483,SC-YeMW41-0ZaYdIv4tiBA,5
484,8G63EFjJhGpPqIj0psB-aQ,1
485,PhR37WoSvuRlPGD76_PxMg,4
486,qCDdL-6tXDfnpFXxTS0TEA,5
487,yaOb-IgyMipgDSa1r0wmHw,1
488,-V6goY4QKN4SceQSYwnUkw,5
489,9ceRv2-G0dy71kxzue3lLw,3
490,J0EGS5cLzP09nyBEifEfMw,3
491,1s_JLBh4xAcRAQ4pOLLvBA,5
492,5sQ5mxVV_rLTyqIIhOlQuQ,2
493,cjrqfY9DKLu21yJwQwGa8w,5
494,r204Doz5HoPEbI4cVX-oGQ,4
495,66HQDlii1YJMDYsqnv8i8g,3
496,M_LNcuKkvBUhF303wbg4Aw,5
497,iu2SQhsO_V6JCPerFiDSgw,5
498,dgRwyuzLCCffbJqNwqAdwg,5
499,XV3Wanp-9dbb1nvvR6JFGw,5
500,BTN2xNMHz1eU9BwR1Wx8oQ,3
501,lg41MCvo4gTTC91DGBcq0w,5
502,X-w-G3gjflgyjSgQ1VQwlQ,5
503,_jYS1pzcGV_PXiYniLZV9Q,5
504,NHx-_gKwhY4BRbo2CUUx1g,2
505,3QE4VPPHqkcyliOKBKVQ5w,5
506,NOnhyCwymVE8mpfc1OszvA,4
507,AyYQ4Km9wyDYlKCTLARusw,5
508,gL3nLOr-7bxAf77IrVcueQ,4
509,IbjaJeGa_29USXUXxaHV4w,5
510,XCNtjr_LAzCkLugJMUIx4g,3
511,h9AQ80pFuT9apIVN-ZRClw,4
512,YjdRu2WWxFQZWh9ad89HvQ,5
513,eLZrnCV2ujiX1yv_a4FFMQ,5
514,imOoLFMUU5vU6OV4zNm4hw,4
515,XtgAtJyUIsYFso-saDv_Sg,5
516,CQNTG7EaaWpZ7js21eGAPA,2
517,wNvoSFRAH0bUjiAxALvo5A,1
518,jsHm55p-yGlEzNuQgZkehQ,1
519,VB8O_H1HcKY321u9NCoCMg,4
520,tjGgbf2BBOfRNef4OpEJlQ,5
521,Vhl3basSrB5RwQsnl48jcA,3
522,CeeeaWrUXgqKqMzxiSbF4A,3
523,kjDmoZUNLa5C6NPArFmn8A,4
524,mKGlP7DDmRgP6JQ6xldMpQ,4
525,ur-K-xCPn5FE1q0fPGtFtg,5
526,NJAubNEDmKjWwr97X53fMg,1
527,lce854VPqMiOf3bwsCI-nw,5
528,ndPVwirckZlxdtSwyxda_g,1
529,tA-AoN-y3sCMbAvsCal3JA,1
530,FZzHUGC3c3lRt2UyAbdq_A,5
531,uh1SLoPjUV0rEln4lp9mpQ,1
532,mruDmy3QqQn1tDVSjnRgkg,5
533,ZAuj3ifJyeUp34Up3Zk-jQ,4
534,aztcfNCKGg3wGpmvuORn_Q,5
535,L_VMvEHDsBb0U6XtsTQrjg,3
536,j0QrOuJj2bc38YWYOn77bQ,5
537,qjGHHJvVTGMkeB8m0_pJgg,4
538,ZPM4-jgfcTPkmM2MYaGYPQ,5
539,r0oNF1Ee_IMip0iJdkT3jw,3
540,ePwsNIPpvRkqYuMGgfSr7w,4
541,PAthFC7CJpHUSW447XWTkA,3
542,Vq2H9YobFX5T1-YPhEu-fQ,4
543,8jDaAJ0m_BDyQwW1rRd4Qg,5
544,WAaBrSDTRgFGj3jDes1HNw,1
545,Ho0sZa_iXC369cQtxpPPuQ,5
546,jsr4XFJXD6nrjSSz7UJzug,5
547,ThyHPHWobUZPR89XspEFpQ,3
548,T08F-CfHMFh5KjBOPDiLSQ,4
549,00Zg0JUo6xRRrKgbWbnlxQ,1
550,B06VWX47oORTr6lwF9zjTA,3
551,RRhAeIwI6w3I0HEoZOg1EA,1
552,1FOf4p1VEW4YIj_fthdlmg,5
553,N9mQEJcTtMMaWgmAebcvRw,5
554,ltRXsIa3nBnsQ16Wv66VWw,1
555,XKqyid0gsb0ikFZukO0OOw,5
556,IDXwXS_BtT8Jv5dtM7ZyQg,1
557,Z1mWLnFci6oc6-2raQvfOQ,5
558,Exgxl5JFI48DaHL4T5_NJQ,1
559,3rx70DUyBHeCPObxrlN7Og,5
560,DC6kZumYR2AhWuXRK9K47A,5
561,HWg7xp3ISEO4erMf6pX7-g,5
562,XUaQL3tz813IvhLwULY3Qg,2
563,xRlYXi0d4iAVIqPM-zAo2g,1
564,mAPdXH1eLEJfdjidJu_LKA,1
565,gaUMr0VCTE1U1IpFmDy3Gw,4
566,j-3DsnbjVqrpoG1ZwSEbHw,5
567,Tnbfl82uVKogaU06vvJOVA,5
568,G3slOJSxGwveCl17_ZB_KA,5
569,XCcMzIDarPsq2B46mG2QpQ,1
570,amvNUEuzV2wAzv2rOEg5BA,3
571,d3YkNqM1yRy-ghGt9nhC0g,5
572,KrgagRAqXUcoYhtgnsGUcQ,4
573,9FXOMofQjTkX-aVDElh9KQ,5
574,JoxZzCCdLlECmSkNdyjUDw,5
575,YZZNziFxEuZWt4nCQT6CMQ,1
576,Bsm_JLX-1YmJK_6ys3fqEQ,5
577,fu3PK_3O2x2klFyjcIsG7A,4
578,Ke2QkwVhrB4OvcnWHVM2Fw,1
579,cfNTQDcRc40uzK8pJKlcwg,5
580,X_3BJrqCQKLjJ74L5Xq0-w,3
581,bUu9_lSbgi8lbhh5iZ-uzQ,5
582,NxlXO_BH8bJ8OtZXmfhXag,1
583,M21EBjyuVediCvWPEs-W0g,4
584,-ep4NIA9_YXSlc2emblXlQ,5
585,0aae2-bP8qn44iYi7j2pyQ,4
586,IhAC_sQ12jHppOKv6Z91IQ,5
587,4W0Y7c6PHuwKbn5VxtHXfg,1
588,g3e8wC_0R8zMdUv63LxFOA,4
589,xfaxbxcmQwrFIL5Dsn-b6A,5
590,xk800FEmgZomO47xkAv0KQ,2
591,ujiN_KGWgpMrNsVtKju3zA,4
592,dfqOYH-rbPW8p_y30n_4jg,5
593,5AZMHrNSCFnV6OHApZvFvw,3
594,7A1voLn7oXP-CbQ-anB_JQ,5
595,N9l8oWiDVWrumj1a4mMs4g,4
596,wHLUerC85luCwmgZ-lh6EA,5
597,J629DOs25SUI6Q3pt-SrtA,5
598,zn3ErdCtYXdAWwVIxjfrFA,5
599,QcBeHM-KfGZQlMH1g3TI8Q,5
600,bCai-Y4-qM82ahf9H59dPQ,4
601,jpbQsv-275GQ6wQtU54gMA,5
602,Y2fBpFlgYebyYj2FgTVnpA,5
603,e_ky9foiR9B8pcWbgJ--VA,4
604,nruAvohCqTpeOxdAVlgC3g,3
605,Yiz28nV5UDXjfZNxNqrAZw,5
606,VrqvwORZ3hE21OhXWIryMg,5
607,sh9QdRqy9tO5_3LumkmYGw,5
608,3d99OlyaajvaA4Qy4-VWOw,5
609,ai3SiTJ1NTYpNIsD40GLtg,5
610,f1VUmSHySRItFbUf1kxnHw,4
611,TxvcT7Aex9PwSGHzrkFkQA,4
612,WL2kbL5aP8UJxmoaFITtYg,3
613,RsICdyY5rAiP9HqUllFR-Q,5
614,yAHp-rTeo8Gy05fi0WJzNg,5
615,8Q--TM1o__cL0dd5XzmW-w,5
616,zUK1IGLq7o4SFtzdqNtnyQ,5
617,982tGaX1geefMQtcTmQBYw,4
618,1tLfzEJJhfgDXYuBXBtg0g,1
619,N8WZlCOPvKMsDClh68wU8Q,2
620,prab7Q2Iah2qIEMo2cfJxQ,5
621,9pgsXc0ngmfwUiEGT33ESA,5
622,Uq2Aauga3wOEHSgf78-7qA,5
623,1SzZNcoNWIPKWPoCk6BdVw,5
624,EznBGUQJy-sk1yRTr5CY4w,5
625,mVwtpN-0HUrvQH3hgebDZA,4
626,ltFKG-ax36W_B9mUR4IrQQ,1
627,uOdVOHt2IwBpWYpk_WCeYA,5
628,jomrq9YCs0wnpI9DsNKjlQ,5
629,huULNXcOaxejlVTcrHdcCg,5
630,5OKtAD6Gg0tDvfctKd3i4A,3
631,q0UkWsL45vd5vizJnzGg3w,5
632,SfaseNXL5p7_XEPVGrNcSw,1
633,AS9rszFM8IvhCHPS-SVoow,1
634,ghfdFbbbfxjhOfTD6PvBTg,2
635,Fy8MP1P7kdbg4ix_dozSiw,5
636,xUg8aDyOWHdwS5nph8oOzA,5
637,Jxc9HNHofXEIh0N_CbxqaQ,5
638,rtJ4uy_-RKV2vOhiYxZATQ,4
639,ZRSn1BvgG2CMSt0xo1y-Pg,1
640,t9mXOljGHH7sOVg2dbx2Mw,5
641,U8Hn762MuIMn5aEIGK7yCA,3
642,YJR5iQBQEgHuDuLpFWzPew,5
643,yTACZFd0rexl0x7RftII8Q,1
644,YOs5VAjj2Uf0ZCwQxO4Plg,1
645,mQ7CC_YVSFVC7br6Y8RJ9Q,5
646,NsaDPH2ZhSRgH2axF-iDZA,1
647,KzE-fe27el2cbyA6gBfEkw,4
648,dgqfzgxD8aiRclmFnTnO-w,1
649,8BqLuhEbGmWavi8cg5T-vQ,5
650,t00zprRjC3iRavRfcDNsQw,2
651,cp3U0J1To4nQCuBTAX3shQ,4
652,Fe2-pWSus96jM9oSXFJhNw,1
653,5mnhmZEQuNVrX_62NBeozg,1
654,FXVqKWEaboXqBz64Df8EMw,2
655,BOFzevn0VAGCMqA8doL2aw,1
656,S-1hih7v47ilI6fcpsNY4g,3
657,YwKLCdHTaJP5pn5DijS9Zg,3
658,dxIlgoODBjvJ_dHS9J9m_Q,4
659,pgztbA9n2Ig29CnlTwDYsg,4
660,VSfqBd7rmYLpapyIZ1yX6w,5
661,5kZSlmuaHkJLpN5E8RFIBw,4
662,HYMyA_DGEG-ETNEC-bq-dA,1
663,D_RH27qMR0ZbH5CFvbT66g,4
664,EcM3wPXUpGxivgT8C_qOuw,4
665,Epmm8GYLvO-NLhyWzr8uxA,5
666,Gs4Z1cyH0ACl6K5995dorQ,1
667,Xp6JuhRMr5Rul7BnvFLF7Q,5
668,8nDFXlqZyNPm_W4Tbei8pg,5
669,e4pEjjidb7wsfVZ-jP768w,1
670,x7UPoUtoUw_e9ic1KkvL2Q,5
671,uHTf1_5e5CqryiG_sJJjqA,5
672,oE84c9zEnEnBp-ObvpRQNw,2
673,mawtpWcz627LpN6h4xPt3w,1
674,U7XGfAskCPeElQsTOc040g,1
675,OIhZZxI3RES2PI84QGT50w,1
676,FLlyIOqcPFTsbWddZ3WNbQ,2
677,gzxp-k2j0Z5xeHAiW4wgUg,4
678,Wj1SMzxtXbBkRU18vWPo0A,1
679,B01zVzEq26DHiV9kVB0bkQ,1
680,enP7F0LVsA17g-BovFoBXw,5
681,yScelOayTKjfu56N_p9fvw,5
682,py7Tm3YVLmHhu1YYm9K5og,1
683,LW-9X08lIi6WBRsqKUI4vw,5
684,7b3izy-2fzhhKrZMnDZ5Tw,4
685,eOEPbW8I8EdWO0n51gbygA,1
686,D8GANuTCtbBnRaOEuVDhlQ,5
687,4vV1uWLT3Y9mD2urOCFg7Q,4
688,3Kvk8bEWeGUME8kf9oBfcg,1
689,JCKf2K_UclW7EmnQvw8W7Q,5
690,3y8K1eKJdTwsrbXhRIhF6g,5
691,q-fIsShNQZmlKqigQdnjaQ,1
692,uDbtdfjNK1FORmOvtfgQzA,5
693,DZpZoSNnhW0C8ZsGg9nkLw,5
694,9PwuckAIg6aVtkC7xv1eKg,2
695,ngD2qmIV4tTE1qnH59YDAw,4
696,JCS9SSz4WFHIAHiyiewZKw,5
697,qwAfp7gIm2i-42Mr9CMX-Q,5
698,ukrPX8KnJDu5hWzENK89Zg,5
699,tmYCV82a1hnuPFI5WZMUYg,2
700,5ivedROQ6QSucR9kp0TBwA,1
701,LMcY3ozu6DgEpqFlaPadWA,5
702,mBXi7otr3YoEMUjX9yKCuw,4
703,tdXaxpL7Ky954mI0W3ffGg,3
704,WL3nP95hMs6HI_bLiGGioQ,3
705,I1Z2xGYIRgPsbTNlODjaKg,1
706,gH9uFPL5IYVYnT3pX_z5Jg,1
707,yJ4udSuPIYgy4IcGTX9f3Q,4
708,NrSgT4SL8WpqXyNOMPdPlA,3
709,b46HWMjTlt8i6v3aNH0N1w,4
710,yiV8tekZAvWt0XOVOH8GLQ,1
711,1fjN5epJscUaAn3WS_Vybg,4
712,GtUXDI9wqvMuZmInjUc5cA,5
713,8u0pyjmCJAtO9qG17i0qVQ,5
714,qNzvHOIM1NegTxv8PigrLA,5
715,7dBmAYnCQDKiqO5aZert5Q,5
716,e2mOLkSIrubV55BcW71TQw,5
717,ZrvsD7PSyPolII3gp4-uHw,4
718,R8bxvitvohzDyez94fhTkw,3
719,R8n4OPC7YHtRDSmqOekdFQ,5
720,1Ytwk8Yx0O5BYYZtl9NzFA,5
721,neu4EQS6XrnTARA3zsVQLQ,4
722,VXH_Zejgo608tIEqE4Tu4g,5
723,rNvmrKUSNZkwR-RK5vtkZw,4
724,-ZHIzrTbF7sBDbY-2WMQRg,4
725,P_-qBNMHw0w7BDqmVkJEdg,5
726,zCC1aPKOnWnjvg7Jng4XhA,5
727,SJ5-bxtrGRLXxbiS328s9g,1
728,dkf2jEZ2wIh1wfEaI0CW5w,1
729,HQdPQQtrurevWwFJNzj0rg,1
730,CApIKhWJgX_RmCse4unD2g,1
731,ixImjBWWClyyc3qiidbFKA,5
732,QW3sPgNap_F5ggfuie6FWA,5
733,MKI6BgzcgG-3TLTuBJUXjQ,5
734,r6TNo0cv_oQ4aRPFm0EYOg,3
735,nHeyoY3Iv_Kkjj6zUTuvEQ,2
736,GZ0JL3E3_OTOhM-4SkWOTA,5
737,KDopUHMU6HWryR-9FWDfRQ,3
738,jzHCkMwmC-KlV6iLgYSVNA,3
739,N9v5dMrT2hIWSaS4S-hTqA,5
740,e07-HJGdNUTSXul06lcwNQ,2
741,Nonmv_EpSQcHC_4nM2sDIQ,5
742,0v2URjutfed-MiUZMjcHKg,4
743,fwvIAYhjcIiBuiS_VcGUQA,5
744,HQEJwsuEhNKibAF0ijc-KA,5
745,gr9nFf_CcDCNCpkuwkOcHQ,5
746,35ztKr4wv5t_2f7scHBIKg,1
747,QHiX4RcZdjqaKr7qxAc2xA,1
748,TtQ6vk5fI3Jz6p_S3tvEBA,5
749,YkhJPYKALGD5qFaqiEpT4g,2
750,1BBiLdQ8bOSZS2gt5uT-MA,5
751,PZiM0MM4e0ptHzX4cDVMLw,4
752,FKLL-gxPSPWwOHfA4B_Rqw,5
753,QnSuLlxhmS7lo6y9fvibzw,1
754,9OMCyC2TakpPm3it2pLhzQ,5
755,-hVp0bUAWsJODNF10qNl4A,5
756,LQGM1-C8490-7Gmnpr8IFA,4
757,vlYEbVlC1T7AngVuaVsJOQ,5
758,u730szRp826YH3uJno9Fdw,5
759,vdweiCfvKr-UFWrc-1KtNQ,5
760,W7gsrmtOG5X3zRrOZUO4jg,5
761,gMQg184VxjM8BUwf5_BwTA,4
762,imrOqk7UgVCw2oTyoiQzuw,5
763,31jbiugyFEpDPSz4_OwB3w,5
764,kP3V-5TWf18sGAEhcA2FaA,1
765,nJl6Eb5ElqoAD1vYSWUl0w,2
766,8zUe_yTCC-gdI19RGtBswA,5
767,1G_Sx-gYfHrI6R7cnu2_2Q,5
768,kQYhAfgaKslFKKYbQuLsWw,4
769,e43lRjKH_vlm19Rtf2DwGA,5
770,RsGw-3Q0JvFfwcN_ESmLjg,3
771,ia0aU3V09vGW-Id7BYOeag,5
772,5z0l1j4Q6gmQ-3u5-2SBow,5
773,31WcadUUSZZ66FmQkUZ2yA,4
774,BTavv71BKXMFQAMSq_bZJw,5
775,Fkm9asoPo2zqk7M4FfCEWg,5
776,0dLXRDvJ4TifRhizVDIzzg,5
777,-WJ8SEN_GW5IiB5LblrS0A,1
778,Q9Lr4GjIRq1OWz8MIg7z0Q,5
779,Jk6sF0QSB288jqxLeM3ziQ,5
780,gdXMTorEl24Vwi0ZDMPMIA,1
781,RRziX2-S2D8ZtEjUKs8YHA,1
782,lO-W4xsBkq6JPjJahPcBAg,5
783,QKQIvuQeu2kDhPIqJ8Arng,4
784,8vlx2Idy4elEzZu2DA4J7w,4
785,KSHLhxPZ8F6pBELcG4rGCw,5
786,QvpR0-HuWu_efeiCwABfsQ,5
787,k0cN-rFMb0xJ3xgAo-pjcA,5
788,_WzE2Wi_apGxIjnnijUwaA,2
789,pVh6qUJsxXTWkb24LRJq1g,5
790,uHvd0O-6CnH1haWuviEnXw,5
791,ZuKtWhg6tG100kIevNhf2Q,2
792,Kkh4xVeibEt1P1XHFb1Xbw,1
793,iycKtxO8zWfnR0QX2OZpJA,1
794,umqvFsx7_0RvFVqK9KLB-w,5
795,XLj4EQ6qsAHgJB-WeNDalg,4
796,9uxvVhVkaIZfdgF1ld858Q,1
797,rDM0l88yAmjRpIehf_RFhQ,1
798,g9DWBfzZZsN9J61xFWIUPw,5
799,QHyBTvZsg5l1Wwuf_kxjfQ,5
800,PyCRz9aoL-g7WihcG6wC-Q,5
801,Ce0K7EvRjw2kIgqbm0czJg,4
802,owQbATdtxhXEfvMQFgyXUQ,1
803,sbuzStnfH78fqPIrsPHpug,5
804,0qKdpRR7nsro_Q09_TQoHQ,5
805,c6Ur1q1OZZEETqRXIl5sDQ,4
806,Rvgo-deqdjaa1xaLb49j4A,2
807,f0GMqhpNq7A8YsjUmsNgKg,2
808,wnjvwaDkZv9KcPepDsg4eQ,1
809,vk0cAG3GKr8IjbYB-nQgNw,1
810,TsgpNt0m_gf_UImurq-oLQ,4
811,Wy4NFjvR1b4O1iYgFStNHg,4
812,OqPQxaJVxtn_BPoMstjA8Q,1
813,PfUw8VQ0qjZKpn8IwS5Pzg,1
814,23fHbJRDouHbD7niEGWrDQ,1
815,Cwz0jWwHNQYWuYEu3BrF5g,5
816,0PzdiTSz6u_fn8T83BI05w,4
817,LCk2ysynVtlQh0HthagOCA,5
818,N-XVAzgWjyBlrEhwI1vX8Q,2
819,3yiekDkvTsYOdRZYrC_vaA,1
820,2Fz_XwvsByHwAudVVMPOpg,5
821,8zO5rRKXq9u8HZQjTIJyWg,5
822,X6KQAABUXlAo2uvSXYp-7A,4
823,FnJhH4VGYbU4ePhhetDFpQ,5
824,owbgcZqEfEcBs_iPBJdVvw,4
825,2ibxjkh0J2bs3LOTCWJFuw,5
826,qcDyX4cQeqRmK08Ozhk30A,1
827,9pT3qn9taBDiQ_HdU3F1HQ,4
828,rz382o0wylwU97g2IEJpOA,5
829,E9RKRQKlMa3OE6U82ceySA,5
830,_GIQtQEMrkt6szuKpYnY7g,1
831,eW6E9mFi6s1zI0ELbw9zHw,5
832,SbJPWdHHWMfkmwnKn4_EvA,5
833,j0ZNmQtEuiFlKGXgHTZd0g,4
834,DK6DgPru2UUnUjQl1oIxcQ,5
835,xpT_et7AFozhq-jwVRfMKw,4
836,N22cPD82drtvrHfmWDK3XA,5
837,jPRf8ISwv6ECPxy8qk924A,5
838,2YALf0yn7Q33sVZYNbaxPw,5
839,E2bZ6rwb8wLqBYyoFCfw1g,5
840,NZ0xh3zek0M3MSDRq4jxyA,5
841,P4XXkrbSBd1zvZ2qyE2FbA,1
842,nXQYACZnGwnm4PFT97uedg,1
843,iTVkJ--vtY-WFoHqd3WVBw,5
844,SUOCnWpVX_hdTfnSvgDHeQ,1
845,pyR4yY2_vy0M_-u7vml-cA,5
846,2SXgE_77nXM53ULnmDP6NQ,5
847,4cS-RSnu_Irn-Ai4T92zKw,1
848,Q0IYzLLuSb9eG7a3lGlbZA,5
849,0UUYya41pWxifDzRFwinsw,1
850,gkGzNiQtneFE0r5Du5Rsng,5
851,18gHvmko23lJ-AkjSBcWrg,4
852,fBiy8F23CTMUd7HcpeHM-g,1
853,g5VONFv41GbYM5KL1mKmKg,5
854,aubrJJ_xiRAOOZhoklKpWA,5
855,nE60oJtLMCp9d3iI0fMexQ,5
856,xbtQVf8Mzl-545j2v3UtcQ,1
857,EOp6kAPn4lhJ_V44iS10aw,4
858,vNcdNPnPaf7hqVOGuz614w,5
859,ADGrAahcCTsYl1CMd6g7Hw,5
860,1xW9tnRc2b0q1ZvP_f2UvA,5
861,-1FbGvBFXB1GjxbmeyLq7A,5
862,Nq-todzh4VN0mWAiTc6sgg,5
863,sFMALciuR5yyCmxqtgQ9hQ,5
864,0ZjJDdWUaG_LBblWhP9o6A,5
865,fQX1HwSBMW9l5KBxKcRZSg,4
866,qKhWsEOE0SA-0lATTSUz1g,5
867,fOjVfbnHVmxv4TxN3D4urA,3
868,IAtdXQ2Nw1831yDJ5TVqnQ,2
869,WL4VSYerm_diLeUbudmVMA,4
870,-xEM2DTqmxzBlZ3HBQZBxw,5
871,Wg_Lov5ioEvEt-YwhMbgYg,1
872,8tbyYshQWnfVUbFeJUSv3w,1
873,zxfI2wKyEENsvQ54JuA8eA,4
874,xuV9iaZcWxsJy_ePIZG82Q,5
875,fUvE-_u9ELxUeZJWmenr8w,5
876,m3hf38UInmvmy5W_5sTZyg,3
877,ez3yQVZ91qEldbTj6eOJQA,4
878,-8wXAX4epL0clCdrXgqLjw,5
879,mp_vAksW3U1XccHceHW7jw,5
880,Mic3oyJnTvFuUc4f_TWxXA,4
881,7bU8nXVRGNItdaDYAtVbWw,4
882,ZOuz7-BRh9HDR-3v-_-FSA,1
883,4KYR3M0NTK1wo1w5sgSKLA,4
884,DBrHSCfWC3ItLdhb1HjP7Q,1
885,20fTvTco2C4vpxcMkUEM4A,5
886,GrRrsd_hXt5QSs73LCSL5A,1
887,UbRcfhYVkFj4ZZJuCdk8BQ,1
888,VD0Xq6PJ8H9uNSwgHr51sQ,5
889,eR6lsr9CgGovwVWtG1Xh2A,5
890,sKXk_WFDJQ1FhW3m8I3Z4g,4
891,Zyvwo16YD8LkJIO35OWFKA,1
892,7Ugk1XQoSRGOo1DtfsDC9g,1
893,CzJ2ymJ9zviZAplvqVh81Q,5
894,_mQGAwoX4NTouQn_BDUztw,5
895,GqXfu2XC3rQ0bktT-ghyRQ,5
896,sSfMeiTJhfYVrXEBmlAg_A,5
897,k2CjU7cRKfu3BpWOoBSG6w,5
898,kUVgmoimpo95GaCoFU1_xw,5
899,Snkhdq9J3IVyUH-eDp1GMw,4
900,s6AJtBZ8U2Du5FOkkVkjow,1
901,M5vFW6uHaxqesf2vZq2PAA,5
902,hpbAe3L14uxG8HdtsJN83w,5
903,jz0yZyx0kr0nwSueh5pTWA,3
904,HNupgAt8ZOzE1wHmxY1LmA,5
905,i9sEIOkd5T85yz92lLJ74A,4
906,gUarAUaa_wu7FDI_34-0mQ,1
907,2vgDiiEMqUxkQVS0TNmlXA,4
908,-mRewceZ97RvUf-IGPVRqQ,1
909,5YDxsUYQWcLHSrxgaGk4LA,4
910,30JZ4FvcpWj-UQvn0zt4Gg,5
911,BzF7ltPMFnvW4ISvwUSsiw,3
912,B_Q-saPXYFVy5SQk3NU7JA,5
913,qWIATfAFcEyMP2rbigGKXw,1
914,Uv2GvbO_OlwlSS2U3MJbNg,5
915,u8R_2LBOaeTflhoKTUdTuw,5
916,WEPtbKsN3t4LRrj6HsFKuw,5
917,61_BVudGhfiuQZSlP-dOOw,5
918,97A1XvTs0EF6k_t-974htw,1
919,tLhxNW8G_Fvz8WxhQXVG9w,4
920,EZRBZDvQt8fUXr0Uy1ukmg,5
921,YcEC4uIkPDSL9AnK70DvNQ,5
922,aGP211GvdV1A_LblR8s6cA,4
923,IYcRRpuf1tn_cZ63V24F9A,1
924,qqkPiNrF7VeICMeXmpj9cg,5
925,eGlqVE46S7EyQ5qeTVQvrQ,5
926,CwqYVc-x0oMKCEhx0I6MWw,3
927,bhP3X2tYsndixsjcDusMuw,4
928,Ko1DPyhbwrL2YJOpDH3fxw,4
929,P6xbkkLh4ECUWg2LqUTO8A,5
930,Y205y4L--0g_wwSeCCeRkQ,5
931,wR3REK0P_vggyaOvCpYqNg,1
932,ngAbfuuC4ZdJwLCTgU9Q1Q,5
933,tt0Q6jjQcGd4TKEMFumh-g,5
934,_bjj8jVPwCd__OQqIXK_dA,5
935,QGh9-hDql_XXcFsihA4log,5
936,xbipyWc13weZ5uQSaf7RVA,5
937,9YQ8QUTbrhcVWGgNthYQZg,5
938,4Os9IwKISTpvKFROHC4rbA,4
939,6p3PrdrQchZF0cUQ2JO91A,5
940,yU7gIcFdtYs1U7bFk7cTnw,5
941,v4eHRcmefPYPicOk--Djow,4
942,umI1euXDHqjWz01C7N6ZOQ,5
943,f28xvywIj87s3IldHNzoeg,3
944,UIyrsapwyhrNzSrvGMRuuQ,4
945,dBuwVwSymDOWnpA9muI9Mw,5
946,DGKxCepm9L_9ySC243hx6w,3
947,uSj5jsUjI0gFXxfPNgCWbQ,1
948,3Gejyz0J-r4N-TFHQDq9RQ,4
949,dWaJMQS47d4kALplaszM-A,5
950,Wh7aKYU6UGIlZcwvDs0bJw,5
951,ANZ77gvucubG5W-DVESKxQ,5
952,vZLE3KmFTJzl3zVEcFQMyQ,5
953,3TaKdrpMkUsA1UI-gtxzxQ,4
954,G4QR8sl1yDhlxTaIfd6NiA,5
955,QuMI138uw80Q7LH9LB4l-Q,4
956,mMErKNpRE3ryaCgPObvXGQ,5
957,Wc-Zneujx1Vp0cBxi1B7Nw,5
958,pdBDLyp3_P1mxf9zBZ0Y1Q,5
959,6pzfzqspHDn6DK67VBwE8A,5
960,3ezzdpN5zUus4QpRnfe6pw,1
961,-B4OLgzmLRpC7AhNtribuA,5
962,OiPX_Qq2VSM7AXNfKzN-pA,5
963,QgfWkxWJT5loF53NeOSeSA,3
964,99ttRm38lyRrqFdxUMAOZA,5
965,PGzp0e8rdTF-DzTXM9tmbg,4
966,pW9AOYfYuCOwF_joGqCdyg,3
967,UOeqcLWS23hgXVZJQwRvpw,5
968,kgUdbvG0xfRkMPZQmoXzUA,2
969,m2_xnMkkDUWavNYh4KCthA,1
970,qJ1cd-uvs7O7KdfdSrwgaA,5
971,5-Zye55Xh-7iAJcxnZNH1Q,5
972,Wn6HJmIt3Cgifi8RubjT7A,5
973,q5v0ZShqrAY267QUjqpBZQ,5
974,5iYxMATOhh68pa_7pTwwhg,4
975,l9Wxf5NsV99UkfVrLuOUrg,5
976,RuaYlU7gXPSHIc0axnvkZw,5
977,DNyboSz-Ubf1W3Jxsd5jBA,4
978,u-WlLPVD_UZOShObkEnAvA,5
979,qNZNRg8mgeMLU8pMJPPOMw,4
980,ueU3k-X4qduwgZ6r_g7EnA,2
981,W7gW1KRukUNiMVljZp4D-w,5
982,Y9pQsT0ra4qMyLIfEWt8Yw,5
983,9qOFKjm6zSJbyMlmoiJlRA,5
984,KpLH8_8oDxa1i-ZXHUv6tQ,4
985,rqJ5jbel5CAvZ4IQ-H9PNw,1
986,xHRlUaGgil2Oeu-xIfQT-w,5
987,f1zwyZ0tCPvovQ00w8MjmQ,1
988,FpYE-AggkklHFozzQ9GdRQ,5
989,E-N0Hk5fUkztbEuZHsls3Q,4
990,xgrYt3_iIj9aLGJndLdQfw,4
991,UkZu1a0AG2Lwhc88nB5C3w,4
992,XaU55G1eSM2W10M3Jm_kuQ,5
993,-BRr7Z0_VqzYs4nalkBPXQ,4
994,ki0jr4yDCmW5NFYKRMdxvA,5
995,c2BCBOcjngPmqB6n297xZQ,3
996,3R30ANSDiltH4loJMyfkxg,5
997,zSgx-J7O3Ov00UH2EL1OMA,5
998,n6DjFWv3RlNLj8uc08_eyw,3
999,Gv8L-Fkyx6BXtDrPzPeVEg,1
1000,H03FSlLKnXI_V3I3lm4ciQ,4
1001,OkfdUqDRG0ZRILg-JJTXaQ,4
1002,TRiGVxyv9QetD6X1LusS_A,3
1003,822n-vb2eQ6uElaafbpiUg,1
1004,40Qy1LCmH2pm2IZAuYkJFw,5
1005,zvh9qTb3OmQoQKLqwLxlYA,5
1006,tPBvL6GX70OLKVEStwbBuA,5
1007,E-g5ObKWeJjtbY5cRpABHg,4
1008,3Ds308ZQYedXe6MDZlPEXQ,5
1009,MZ6BII5f1ygHk03YBNM-LQ,1
1010,4C9aeWR-T6DHvevaantGAA,1
1011,fcHQbSUan1a8rkJcWlhhAQ,5
1012,qSfdMX9F6qVkt_FPSXmd0A,4
1013,1Bqp9smJZCzG8T1hfQZRSg,1
1014,ea7Ms05PUYXGRGXAYav-pA,5
1015,fs3lc_nr_Yaqa4VSGV0icA,5
1016,g53rI-cG0yza1Qw08L_ncQ,1
1017,H5W8RD1q6iUJhF22Kgsjng,5
1018,GpeBXpAjjypNFTbYuE2PVQ,5
1019,jPEbW_22C7qPU8d_8r4Xlw,1
1020,cfclY1yAx7OsL-ECJwOCyA,3
1021,TFhLZT-7KgGqnnj3KLRhtA,2
1022,GPP-k10Z0NZqqX1xglkJAw,5
1023,REyO-2CCrj4rBvurGu9lqw,2
1024,Ltc1AHGrHAG2jeFuZ75QkA,5
1025,fs71Lpe1Mjvruvq_OuC7bw,4
1026,hWXeCe58ymp3V_LP8s5w4A,3
1027,AWlk6Nrv0gTB661K2QoBCQ,4
1028,dxn5_bwQATraOz5pOafRag,4
1029,7pXyK7-m2J_wgzMmJtMF8g,1
1030,h7OCcu2GBuXf-45XQQl83g,5
1031,k4DIu-dPxWpqHKKVCEANFw,5
1032,2gMDVGDGRossDe8FPYdUEA,1
1033,WSzOd2C8nhr1nLvqPV7Gyw,2
1034,J3XJdBbLNQFH6rHEYFmOxg,5
1035,iLnjuCtqO2y8aB-jtVxtrA,4
1036,zM7hfGUEKbYQgiB3K7gcDQ,5
1037,PJgI-oggQcNdEIvRDxm7Fg,1
1038,39CS9uVvALcljdDXLxI2ww,4
1039,36LRjPqfA9WvXEFvIsHlhA,4
1040,EDk56BmipeFuLQ4ud0q16g,1
1041,V2rLn4fY7XIR_blAaR1vuQ,4
1042,YDRdn90qMapbunZj86Jf_g,4
1043,mO_eBd6Arj0mK5LEQxF1yw,1
1044,Uem0-ckjBIzyjl2PsaTYDQ,5
1045,SenNPAbsMo4vLF6l5yLZpw,1
1046,GT6LLDWB7x4U3KIryVTqTQ,2
1047,p7MRoJ4LrfwN7GX1gRdKiw,5
1048,x6o14MGxcf7vsZNbyVoKng,1
1049,eLPvkQlZgcAQoIYmPm1sQw,5
1050,W_ecr3yHdfS4Pcc50KIdtQ,5
1051,R4IcAFrMPVvK83ljyeCZUg,4
1052,OhTPAirzBrH9wwPm3E9kvA,1
1053,FqAfbRNopXXQfFscUU5rkg,3
1054,tL3xO_XaLoNGGQr2EN7Mzg,4
1055,-Qo6263hcjzQHJG_Ax8fjA,4
1056,h0FHT-pxF8DzyqunzfvhnA,1
1057,tC3Rq7RlnS-e2ju5QCay4Q,2
1058,Alyplr46s6sk0UZZRTvN4Q,5
1059,2KwEQEylh23TfuYvd1aSTA,3
1060,nUwTlgIrw9mRLT21-Cc8LA,3
1061,jPpw6BwIt2QWVyaW-tux7A,5
1062,7Rkhmwabk5cp8zyhgUHZvA,4
1063,ZmTsBxAvzEyNruGSRQ5oaA,5
1064,FamW1jr7RWCZKpnZUXa_rw,4
1065,_umtFbvvmz8Da-_bDRevtw,5
1066,z1iG4FAK-WwLYrjXz29sJQ,3
1067,QmCwu1wSvaYwe1i34otI6Q,3
1068,Z8D2trRD8rAFtya5PZzMMA,4
1069,aBSspU33n-yv3ewrmnMCZA,1
1070,fwiRtIXIWEt571pSEjfUaA,1
1071,kaPIEgoDsqPra_Gmpv1XTg,4
1072,nAYYG1HU63DiJTit2tzShA,4
1073,gvFq1fwaANT7lYeY3JZnNQ,5
1074,g38vCQfohfUyzjOexrevGw,5
1075,1f8dXDA5aivZCO-1zbF1mw,1
1076,w7OZ22i4MprAQodRsZr9eA,1
1077,aFpx8G-yP1f_Hz8GOdDAqw,3
1078,wKx8DiQ9cGqpvN0fFOSi0g,5
1079,9wfko_tpRWpcD4LwOyf9Eg,4
1080,HD6J4_zqjjq_EV1zghmBaQ,5
1081,FgGOJH0J2XA4eoPa0rD42g,1
1082,AMootqNnledpmTSaZfjPLg,5
1083,I5rh5d8MFfu8SpfFKyMsig,4
1084,EcxvP_LcXS2MGgxvNXwCwg,5
1085,jNHibcWQ0o8CcNFaW5W99w,5
1086,8RaOGAUWjRKXZf9_3tgj2w,4
1087,7AwHfhhMbSYyclMcP2JL6A,5
1088,3M9_FBpMdqxee-9GDaM6qw,1
1089,XVV3T3lvCvIi0yFZarXnqA,1
1090,zOrR_ENeBtxKVl-1sG3mfQ,5
1091,ZO2vKZscieFGQrHYxyWanw,4
1092,M0N0mEYpocvYrl6C_kxjeg,5
1093,g9StTO1_79lvx5QRuSu1zA,4
1094,oqbhUMAHadd5ig6rXNxApw,1
1095,uPq9zPnn1L0dWoQmbA2lDA,5
1096,GCa2lEA7tjx5pl420r5t-g,5
1097,GsaZKqkFoWiYtUXGtHowhw,4
1098,GIUD3Uhg-cH7PDLLN8i5yQ,1
1099,0BUPWrZEJ5HxQFAM49Ensw,4
1100,XGHrAadUj_sK2wPdSHMulg,1
1101,cIeF6K2kjNNkJ2pMKrGztA,3
1102,6rK_0wPJnoFZz31miNYJbg,4
1103,kbFi3yV_l1URpNZTrvYnhg,5
1104,N1HPNUIfwpeGcBzw7YGkfQ,4
1105,sLTvVy3l7RnfiYDZ2XxkTA,3
1106,C_h7qVJ-SRzRGgkSHX6Mmw,2
1107,unIs51vO7qsMGorPviTyjw,5
1108,5fyFfoRzwod7pQbHERuscw,5
1109,W__mwPwy9-T7V7hsCIq5eQ,5
1110,0NvPK2RlUbaUe8On0kLILQ,5
1111,x3vAbICR5qNwd9S83-2oLQ,1
1112,AlPiMuNjetCZuwRY8ESvmg,5
1113,yEb-WxPbKH6vmYLwmggfcA,1
1114,eT2pGxUSQOWMnVtMNyloRw,5
1115,hqb_YLD9yo-P0j58d4dljQ,4
1116,bolVb2cEkJY84V0wKivJeQ,3
1117,BNDAe34Mxj--Brkzcfi4QA,1
1118,tr1AdlwOG4RbDP3n3vlgBw,4
1119,arecSwgfL6L1ZyUndT9-2w,5
1120,8DRvVVH03BauWjesdLtbdQ,5
1121,_gq609Uodq1r5EPi8bhspQ,5
1122,MNFXDAz2CwBHFSmtVMcIRw,1
1123,8jLXvAxpl7bz8ytekmcDmg,5
1124,sDh669RuFID_fh3pfeFOjQ,5
1125,5jb1XV5u6J71TM9e13Q8Aw,2
1126,9BfsJoa6uxwH4WR0eK1EEA,5
1127,3NKAa-TMt2H7o0oBk3RHMw,1
1128,LoWNaBP5QjJVjt8bWDuNmA,5
1129,O3Hq0sYE9SXuhvJZI5UMPA,1
1130,nWXbhRL_lj_iwa1l-y6Dlw,1
1131,rpJNKJGSckbAzEVEr8CHjw,5
1132,Af7wzWHVr_yyeEGZLoo1xg,3
1133,nINBJDkuWbQ8V2WVMpOL3w,5
1134,bR4cgg5d0oTW0fkJ15gnww,1
1135,9JD8AHsifW_JJtlsor05Zg,5
1136,O9io1Nbb7bHM19w1mK7dFA,1
1137,vgp-kn-_twmKgODjlF-dKA,5
1138,4MC7WJEbKGh3klgxu7KFlg,1
1139,Z3gW3-hsLkmGlrhaJr8-JA,1
1140,_2uH9WNc8yE0T55JBWV1aQ,5
1141,wUXJKr_eTmH7I-hv73YWcw,5
1142,kTxNM_ZdNwelGXTkNvfcgg,5
1143,65GsyE9lsfbLeoKUy5BTFA,4
1144,mJtaw7aurKHRQ1X3Ef5y7Q,4
1145,_jYcaEf53CKXFMlo8RtY6Q,3
1146,LrAa4Xgf5CjaEmVH05Kr3w,4
1147,Y5Og1e-OeLxEpxPMIyqEFw,1
1148,pvXmaOkr8jV-cdWAD4mL1Q,5
1149,5vGTDtBm3zafVfgC-Cui9Q,1
1150,UFr4pT1DUBID3zlHwFJLOg,3
1151,U0_jxC98m3pdLnLEsF_kYA,3
1152,2k7aVMKXmzV7CX4QOuz6CA,5
1153,vHBijkj6P0yGDPlWO0iG7A,5
1154,yw7RHD-rf_3C_5B_AGuJng,2
1155,865pUEdpE8x90goKaCPaGw,2
1156,CLucogIWxoKkRM8oD5rmyw,3
1157,6022r3DZfvTatE7i9-FLjQ,5
1158,lgUHzGgqTJMq1byOJD-OQw,5
1159,N-L6llqv7F5bTDM08M0l9Q,1
1160,_9RhWcu1SJXtLh2vwp_aqQ,5
1161,JKkV4bWjilQ5W6TQCqsnBw,5
1162,_2vOVbqOnC_gP7e1FVRrHQ,5
1163,5t--WzP2mpoIWgzDfUZAcA,3
1164,vV_C5nlvCC8ly72pHQiJvQ,3
1165,x104J_KhI6BPEtDMF0lBhA,5
1166,CdE17-NAnwuvGFu_AZnGiA,4
1167,svVoGLAVb8na4tI0JOJ8pg,5
1168,xXwQ6zuiUr3KYxsqlrZ17A,5
1169,c6wcDnCtv5NrVThMNnk9jw,5
1170,6KjCAEY5QZ6MUvYyAjZw8g,5
1171,LmTgrEIuZxc4BMGzmYE2XQ,5
1172,q911x6qtKRKvOl21rY-feQ,3
1173,2r14YUMMTKDEIT6dALf63A,1
1174,JipFyMeug52YVUSN96l79g,2
1175,qx4-OqZgLbYxG5koe57Tkw,4
1176,rISkmBCP1AToHQO5SqF3qw,5
1177,6Lz8FA_L9sJzsU9FjCrJXQ,3
1178,DzceY9A0Hq84Z-hKHj-42A,4
1179,HV8I1PqggFV0mqjetaOg1g,1
1180,IgM92D7t7LtB3eh3Bvae2A,4
1181,g3M826pnnRZOt8t2BwPH5A,1
1182,L7HJKv2SS-QV-s1zA7fREQ,5
1183,poPzbRy5YCcsGeVSyse3jg,5
1184,iknBvE_LMDWfVDXE2F2k0A,5
1185,NW1hw_zD9gIELQMF7YEMPQ,1
1186,HNEoVtBG6uI7gBIWMsIPtg,1
1187,0sTKaUgZg_tfOJPUJ5ay-A,4
1188,nKzyotEUbGf0LqjrsNqXXw,5
1189,O6JyK-Av_KCkv16_7Bce6g,1
1190,Jw2mrp9APO0H_xnfq3NffQ,5
1191,EtzIL4UhQtMU_WW1uGPO9Q,1
1192,IPfKImfteGS0JrbYXkGKkw,4
1193,P7Oyqj-0gMMHUjd1GyfZIQ,3
1194,kflSlFCbCfWY8WhhgUGf1g,5
1195,2D_waLR6p6_7DD76dTOVTg,4
1196,trin4jSgaBAsoSwkLqxj9w,4
1197,Arbx6Nrmu3dxf-lbP_0eTg,3
1198,WNwJWfRr7O9bmDX3msU0VQ,1
1199,WvgOqUN1BLRYHq7KPxyUTA,3
1200,55V3KN4MyCV4RPe89FFkSg,4
1201,-FfiP7gAp2LMU96L8Q4nwA,4
1202,_caj5dWzzUfJLToxr9BDuw,1
1203,Sz4XNNtr8myy8KT7XkIEyQ,4
1204,Ip3rwC0uYudavKb7Mrtovg,5
1205,MF5tVxmjfbpa5IdjLeSUuQ,5
1206,6wiPzXkYbayk4n4j01Z-Pw,4
1207,nDV2ijPT-7M5HTpM0FPYQw,4
1208,Hbqp-o0qpKR3uAWFpWgcFA,2
1209,Hsu0s86uoEjxrfTQLqAhZg,4
1210,RztzgcL1CHlBl6dglrulbA,5
1211,VGeJ7flkySbUMEATEqbUkQ,5
1212,wrpDLDt_F_16VV-GokGIEQ,5
1213,XN5ypgSJgKhAnavxU4rVig,5
1214,rvRJXFO0gHSJvcTgpphbQg,4
1215,4SpfFeIpbgyG-FaJBf7xkw,5
1216,oxMpsVLhgvX-SCLSX1GFXQ,3
1217,lCF6KWrjjVUa6fPkSTAUnA,4
1218,Rjr83Dlm2G9C0OlLjGbvnQ,1
1219,qV0MqCpkXqXQT8ZUNUynew,4
1220,oB-9h4MB26ftzj0jJn0cfA,5
1221,xSs3scYMEs-PSDIaWfR_RQ,5
1222,hADwGRrhOvM-3izOrr4dwg,5
1223,9xyWU0BF_UtZ0lIkxuNofQ,5
1224,QWdU9cWLzM0VAw0KZeoFAQ,4
1225,xxdb2jVjxmSZRol5rc41AA,5
1226,lh8NacdTD6XWYm9Y9y7mWQ,4
1227,1K7q3aEM51VSNn--iVYXtw,1
1228,yN6dN12m3LT--XkGLGdtIg,3
1229,ighJdH6XsS-7SGemQrVvCQ,2
1230,pSf6VlXxaaeFF9q2BMlyZQ,3
1231,eSsK1LiDjen4mA0hkh_8sQ,1
1232,HMf4Wk4U5OvZtsjrreJI9g,5
1233,6wu-z7ttUGqmMF_ZkyNYGA,1
1234,9E01pW8fT-rzO8aH4nl0ww,5
1235,W0_ODRismW8KcthSu4SUNQ,4
1236,eEaOJlxPzrn95j5g4QDS5w,5
1237,ydTQ8D9yIn92Ouo4zfL_3w,4
1238,nElDGAInk8vxJ2uMZivpYw,3
1239,Afv8sIv8cGWkrBk9oqRcmQ,1
1240,IPjNzZHNe8U7C5J5btgAzw,5
1241,UA0RdGsguL6BRdygPY-2sA,3
1242,PEgZ-FKb9N-MmnDbf0oKOA,5
1243,UfhJWvyr2aa6GUEDjuLm-g,4
1244,L_TySGG3GTdGeJeRzLsUTw,1
1245,AVD020pRBn1Ubnrk-A3WPw,1
1246,l2gJDbtHrXnrAvfrbjQZIg,4
1247,xOEMDIk7JWNesQ3UwxJo8w,4
1248,88wsM7xVVmMlvwiBztkRrA,4
1249,SmbLMpB945Af0QvNwoBK3w,5
1250,55AiOLbhe4ZDlpgaxpE8fQ,1
1251,fCfRwzUMb_iZKdX0ZtqATg,5
1252,1obqQW2pGPMvl828XJ2-SA,2
1253,6cL9I3jBdRpkGsG3uBvqAg,5
1254,NCLaDEA8alLk_w6K_JA3CQ,5
1255,Vnhnd__N3tr1ApP0YR1Inw,5
1256,aaZH_IPjKZrE0wfJpYljpg,5
1257,8TBSB1s8PeGVjBShYFhgKQ,4
1258,1mFhP9q6MkuKHCO3oNK7wA,1
1259,ieNU5Gi15SskFI5mKOurbw,4
1260,Jb-qUSRtBAbMJNCRG_RABw,2
1261,tpKGB3D8AZ-0rx24sXWnkA,1
1262,9Bt9HVSthHRWOmJlZUo_5A,4
1263,Dth6Q0_x4u0yC0gYsW6ctA,5
1264,wy4WK1VoGCNOr78DVnsxHQ,5
1265,1SB0WsFASnCcDI98-P6G0g,1
1266,O7NWUEaAw0W1rhOUm6KJ3A,5
1267,TwvetZVQBgCcY06-_TaGGw,4
1268,M9YOE4z2WFG0m41WyfQjlw,1
1269,adeDegH_EAt0w3AIwsDtbQ,5
1270,AlIkiRBMIMgiU8Lbr5T7uA,1
1271,vjObxOsMaH7Sp_SusSwUcg,5
1272,pSyo16Ywd_oZJ1hJ9e7D6g,5
1273,W_amLJgJ7QM8W7asdBeEjw,1
1274,S87fPNbcdd3L8TgBSgF_QQ,3
1275,y4f9SbP6MJEnOT5gdbu6-w,4
1276,psQ1xUT1jAnNo9lQC_XoMQ,5
1277,gHhePQTvf5yOvd_K_R2ilA,4
1278,xF69gWKgsOiYurBwsZPE5g,1
1279,rSeTmiDHE01B6hkTZ5Wg7A,5
1280,cfzzzBfM_sCKky2a-PsfAw,5
1281,3oHdNQNAT4Gx4TeWZN0JkA,5
1282,zRU47XQupiIBj_4kS4Lw_w,3
1283,qj_rAevmJ1iJBnG42eF3pg,5
1284,SIIDw3neoojMnosGJ3aewA,4
1285,ztV7_mK3tF1JwGNffMRWZA,3
1286,MuqjJPVLTfzbsC_vUXkLIA,5
1287,xiUY5h2Km6bfI5hjWuh9kQ,5
1288,VQly2Rd7rt0oBQI_NfsF6w,5
1289,rgiMVjZYSd35NmSmR9Ph6Q,1
1290,AtWDO12rtAw2eg15pHJFPg,5
1291,x5kuFkSXziQytYoiPd8PjQ,2
1292,eoV5PrFAE9n7IJ6dSbJUZw,4
1293,DRdUZT57Hcn3VunCMvs-mg,4
1294,RqrcBb-J-TRfZpqFCBPFQA,1
1295,hT8PhQDvRVAcW-3CPW_vTg,5
1296,3ONQHYIuN_0VJwWddtjC4Q,5
1297,XtM0_IaBtADI3B51orABhg,2
1298,fezbLks5dkUciDTM-NC2Sw,4
1299,E3LIAs3RnOSbfV2iwD8tbQ,4
1300,-ZthUHw94bxDXhQF4pkjBg,5
1301,H142GTMSchwqWd7fJqfUIA,5
1302,TEUTNqFoTt7a6rq86m_90Q,3
1303,SUB2lmP-QW0nuswCD3pELQ,3
1304,oJ7fd2w3u5YbK4zT4EGIxA,5
1305,2PnnI1u22O_xNQUvTANPGw,5
1306,lQobxpMqYenWn9DlHrBmLQ,4
1307,LFLlHuQdFGUP-HjVfY7xMQ,5
1308,_HOkT39COVgwXPtl5iXUtg,4
1309,z3TH_APz0M9CE1srJq310Q,1
1310,pmI79CpHicJNgiJTXxomwA,2
1311,YlUwmCCeW513xbpEhkiHoQ,5
1312,v6woJ3Ec_ZeOydc10q5Ekg,4
1313,mz5y7qHK8qxiUHgrBJSodw,3
1314,K-Kz8RYbztlHGDKg7N_7vw,4
1315,o_eImD925SQTW_iHWUO7HQ,4
1316,GUuyLn2W4HSpnRmlcFH38Q,4
1317,rO-gzq5M1cOfNI1tSOtzew,5
1318,OT-kTqvRZSdJvRjkC41Z8Q,1
1319,7vBl8oCqFKofpraLi2ZkyA,5
1320,PqyVUNyRB0MyhrBkL0GyYg,5
1321,B2Z-SOKd-cA1QVAZh4tIbg,1
1322,YkWvUn_oRsCQ20RD65pl3w,5
1323,TbyId3fnRemBUx52sefpXw,5
1324,YsJIbPbg1423rTdU4D7FvQ,3
1325,kvFUDP6wkDJHg0R3gOyt-w,3
1326,2ymYq9plLuK9Ed9orCi0gg,2
1327,Q5XfGSl2_cXqXG-Hd8pWwg,1
1328,9wt4J8ez3Gh_8D0hUX1YOg,3
1329,H5TMxU8rDlnKgTBZjfjArA,5
1330,KBqWE6hExNvQxzeHQNEagg,5
1331,BEqZVWYtxvQnqomtOd-02Q,4
1332,rj67L4E2MSN3AvBKM5hrhw,1
1333,U6jNe6BWx8Xm2D1tPzNYkg,1
1334,Fy5i316A3PQnujzkyEmWLA,4
1335,AMGFr_YBxO_OoNtEHtYkEw,4
1336,QB7pN7jpQfIK5LvsmAi8SQ,5
1337,5McsGhwTKXxptrI8c_44RA,2
1338,HEfuxHQokTqZmWeCGnYB4g,5
1339,bNJefAorYSrE5BeKbnWA9A,5
1340,owg_p4oyuFd4dLDbxn0m0A,5
1341,XmXVUjqZPtFOq6yX6uNY0Q,1
1342,e1hcUstMq3AclVvgyBueQA,4
1343,JrVSGMtAVPUc3Q_633-07A,4
1344,OkIBy4GvKCh8EktWflv_Xg,1
1345,Tj2l_w70C1gPpcc4vW2xjQ,3
1346,vR_p0i3SMM2W_y_lzlUZnA,5
1347,H1ezmVFZj8EH2w0rVHy4-w,3
1348,V0p9Fzk5YCY1lmXRfWLjsA,5
1349,zSfpYj0BoIgLQ8NCLG7xkQ,1
1350,fhPVFNqXEku-ZWZ1zTNUgA,4
1351,7_7CGBK1DTwUHvkNGT7-BA,5
1352,1LdrMwAX45z7Ye1yYHXWcA,4
1353,DsXFitEeOjJuLHa_yB4oAQ,5
1354,P4V3chGWATCmaQcUx0doyg,5
1355,bYJVPqX2JB0EU5p91IEnXw,5
1356,KdVOufDewYpwR4L_z37lXw,4
1357,ZwpJ09uiVIcYNuKGaA3ubw,5
1358,Lwkr0XKcl1r3TFqDND5zDA,4
1359,hrkv2ES0qP6yDtTQaGmPYQ,5
1360,u7hBRrRUAdvBjsvcE9ga-g,4
1361,xnorwRdv1kjyldG0d_FauA,5
1362,eeNkaRVcwbjvo8Mew0a7zg,5
1363,UY_gEg0Dj9Yuype-EQUdoQ,5
1364,aiz0MHSBahRPuWyK1y5Few,5
1365,8eRoXtwzx2TCJ6ARqND-pw,4
1366,PhHx4m_gAsFwWpj6436lLw,5
1367,PJUJ-GqngJNBzc-D0RUwUQ,5
1368,JG_X7aQZD2c0Rs9axYaZZQ,4
1369,dW7B7eZXvRfj1Gze38XPhQ,4
1370,x_xipGCHfLYHUDgQdGCZSA,1
1371,CbuluU2xhLnnhzp9k1prSw,5
1372,Ro9Ap0V8Hvt3I4Rjuuf2Jw,5
1373,4PKxVPwlxClkoPSoPaI5cw,5
1374,0wxnc1hYjaGo0eeOlPsmNA,5
1375,9W3TP74Xv7xp3UFjWJDp2g,1
1376,e-GFpt0VEdQ0h3n7XocFzg,1
1377,ThZUlSSYQCZDzZlSwvJp8A,4
1378,yaHSNE93SZ046MDNXjp-wA,1
1379,3H3OyvsgxzNrsyRqW0Thdw,5
1380,hO79PklmmISK51tkZum77A,3
1381,r3BpW8D_NBpVGRg_CRYrpQ,5
1382,Gn1ee_nuWi3Jzh4owQrKGQ,5
1383,EQe9BscpINOtWEyUHq5o2Q,5
1384,WaiLAgFiLXzLXazxWqgOug,4
1385,lUZXJKUGCfnTxWdLV70m4g,4
1386,f-BozZsQTbPe9X3siitJoA,5
1387,PyAlscB4Z4UdQyUdX1JqIg,5
1388,Jh4p6kq3GrXWq0iID2e2bA,5
1389,YVdJD-fFTwrIPsV9G-JY8g,3
1390,pZnhWHKz5rtkXEvUmvb7Vg,5
1391,QghyhMLlw7M-SX1xPbgkMw,5
1392,brIymVelhwqZkTfYOFm2CA,5
1393,QepVQPzjc_n9BEvjuN2qVA,3
1394,UWdsgNnKiyZQ2eY0L0g7vQ,5
1395,OjXtrzBz9sYuOIwP_pg3dQ,5
1396,XmPcEaWp01TCqCk1VuveCQ,5
1397,FpfoJffnzv2xUYNSYG1d1g,3
1398,i9X131s93LKEQmSZ4s9Heg,5
1399,R6OQo1q9aCQzoBpA7iCDKA,5
1400,GHNXCqo_OsQrxQLffmsvEA,4
1401,Mr7Aib0uXTHvpInVihl4-Q,2
1402,t9HyjBK4KMFMXdhplBH7Cw,5
1403,FM5dEJIA7o7xz6l5rlDklQ,5
1404,EjCrmW1D4h_H0YAHZNvefQ,1
1405,iq9UoWEGvAqQ1TnRUUFY-w,1
1406,ZC1xftTj32zBDurrZEYQGA,5
1407,F1pC7cquO8eJDf5AR-LOwg,5
1408,A5TP-Ld3R-UKW9NIGV_DMA,5
1409,8UOndSOzinoeW7_8UDbSGg,1
1410,NKyXYrHAn6o7kLddeBANvA,4
1411,_dOoU2NGPMpKhpu3dAc2pQ,5
1412,3c2P0DTlnlXxSOgFvCuvoQ,5
1413,fay7u4AJattsv8SGpW5TLA,4
1414,fBHWLNEJmhk6AkzmfLwWcw,3
1415,QrUgw217OCEh1WI1LcUCxw,5
1416,sVqLKUaTcD5sa_dt-TStpQ,4
1417,3cGD0cqbE850SCQuJuayGg,5
1418,BANWdPmfGlM9S8M5O9lHqw,5
1419,thicWHtLZkU-_YBooMt7cw,5
1420,rrccjyKGlcKQ1y1lT5lQsA,4
1421,iTpnYsysclF_yAzAlbwSWQ,5
1422,aK-4KNCf_BoNzOmfjywy1Q,3
1423,MutzKkjDCOBACgL7pI_0-w,5
1424,Eym771X8KCkkKgTEuVbwjg,3
1425,bjw4kYEm3kXgzg_tWvLJZw,5
1426,jJD8jQfIYAnDk1E-BQDoMQ,1
1427,WU9DvCg150khOj6gfwfq3Q,5
1428,d3IqrE5hc5WwgHYZRy9cfw,1
1429,YCuxKEXX5nIOxY3F0w0c0Q,5
1430,STpErPSzw9-ybyYi8Ka-2w,5
1431,z6wJnI_zD3NhbF4PyKEx9w,5
1432,ZwiFMKb9g8AtUG7zamsGCA,5
1433,_0pYczqwVNyzzweUREehug,5
1434,g6L86oA1UcxyiEQOEmtsqg,1
1435,RpXXxE7xZY9tQ4-IYIJGVQ,3
1436,_WD3THyMS_Zq4C58t5o2CQ,5
1437,Q0NZP0Q9oz8IIhDhf8QcKQ,3
1438,34liGei3hcX0BU_arALLXg,5
1439,pkUzj0NAPSATSwWldQPkTQ,4
1440,ImJZ7_7ULAVni_f2TrpxCg,2
1441,bmZLw52upOADZxdZVjkCmA,4
1442,Dx2qqqSpbPsIpoxOY0hxmg,2
1443,iJgR21VtP5_LOLv5Jiv_3g,5
1444,0w9rDfOqXwlfkord2SqOrA,3
1445,0_Pxo3FmmQn4WK1yJ2FCnQ,5
1446,HpIiQ5QN9eRjWBfQSPOk9w,5
1447,4bmqWG1h5zcFC-P0KKoOpw,4
1448,dbJwocUnwaKRtt6gXC5WzA,4
1449,Ked93MsN3G-OueAERFieUA,5
1450,BjyDoCvNIm1UlrS1nbI69w,5
1451,7m8aXPtfu63JMhouWHTymg,4
1452,xdQ9esnSlTEAGQ2Ns-HLPg,4
1453,UlIhxiIf1QMhbAtxYoyPUQ,4
1454,33Q3QA4Ipj06KVQSwp0I3A,5
1455,KDFyM-r8W9F0RzA2NyjqoQ,5
1456,9bfsO4n-5dopeLjXIDizvA,3
1457,6nz4M9pP30BGswme9h0WSA,1
1458,1OU6KDNH-Bh-3L2XDCkLuw,5
1459,iSmSQn4VDjCDhlJwsuCFvw,5
1460,I-Od7FvDZYh6tP8PqUnugw,4
1461,vHBilF1n2gxGU9xJ3AIjwQ,1
1462,UGKMgJkJRys8aLbgf0lS3w,5
1463,IZWM4k2vjkixW7boOXSLrg,4
1464,us6yUCEwhvjtbz3TCdKDIw,5
1465,ryJleUexXj1mOPK0EG_7gw,2
1466,FqD3YmBo0Thoe_qRGQ_QOQ,5
1467,ttJbc7OjA09ad9Q5wtMl8g,3
1468,eXIHZouUNHKJBlleIvUhzw,5
1469,0oi1YbGAx6UOFKCeTUkthw,5
1470,hDdculqIBP2T_X2s6reXOQ,4
1471,9cMxDxZhdE_lddXRWcFr-w,3
1472,omz9dSyAG6la2ewIaXvHXQ,3
1473,aqesDAXfH43lnMKmtRtZqA,5
1474,0NoAjbkcWgs31hUokMIHpA,1
1475,Y4PMimtbqHcwckanquuQuw,3
1476,Kpaam4pLg5GrWmuZBAIThA,4
1477,OAnHlp1K-9SkuQBE6f1s2Q,4
1478,FrVWCVRwi9AxLLrZ47AyxQ,4
1479,OJ9ksrj9KS5V3l9YwYyzEw,1
1480,6aWiFq4ONhhUHhNrcJk7lA,5
1481,b-T_u_sKE8-8BanktSGoeQ,3
1482,lkk_TJAeN1WXHxyBG5ohCw,5
1483,Q6nXMO8C6LLhccHXMSdjtg,5
1484,ynVpLdiRQXSsPO72lY6s_g,1
1485,tnOB9UA9Bj04EA_EZVah3w,4
1486,-U6sUGb-0pcbveblFZRUwg,1
1487,uTZv8HzFUnfUOUyp0ar3og,4
1488,ydBbqSu89uFIVqjGUEVq1A,3
1489,63nX9geLjrhdPFqC9edwwg,5
1490,Yydp8T7RehW0dxZwnQ17uQ,5
1491,_odPDDMxKEbvwCq_joykWA,4
1492,p0GN-bO3b3vKHLFZqtpTyg,4
1493,T6hadCNn3vLWVsKwOzwOpg,1
1494,RyKk3vQvf61GcbFY_RXWlg,5
1495,qpqnSr87WpeDCNF1pPgEVQ,4
1496,R-_g1LM02IwMBzjBazqogA,3
1497,No174s1OAX4gg9d7lbiSmw,1
1498,0RpAlFwdUvmwiXtPznEvvA,1
1499,b8Ba7Cxo7fd6LEPRsu10OA,2
1500,DbUpby5JSWEvPzrpty2LFw,3
1501,Fe5SVwBpdbcYgFoUZhr0nw,1
1502,46WLuxDUEX59bARHjA9Mnw,5
1503,A4883KWFu1eePr1ulus4oA,1
1504,x_mcE-0tJFQEuInYEGXV6Q,3
1505,rNJ_QgWH2pmbNlwc7CnzcQ,1
1506,hbYF0KcNoW161fH389b24w,3
1507,B1dg81H86tX7-qRQHIJxCQ,4
1508,EfJN6qK6oDmLjJ7E3Zxokg,5
1509,PrvXzQN3xAOnHTWhik77eg,3
1510,ppiwBuJZLhGwauYl_1oyyg,5
1511,yukZqkCBg5E_ZEns2w3phQ,1
1512,ZaVbS1WWOe7G_c5gJ8LwEA,5
1513,eOOY4yxKjTVf_nUP-VazUQ,5
1514,Ho6h-16yk56OrNM_l16lmA,4
1515,XuaKOjgIw-Jt6BRS2p7MrQ,1
1516,OkHEaSGeRGDnibGL9PEXqA,5
1517,QdkHReRO7BEjlTEf-QkF9A,1
1518,YmAye9bwLnZs5Qj1DPmpiw,4
1519,hrp63WfiViIkw8c_jaUe8Q,5
1520,QLrx2Jsx0ILdFQiOV6ST-g,5
1521,eCuBhZxuxVdZX593PkKXrg,5
1522,oftK0ATquBo4pdst1-BBBA,1
1523,TZGk616HCrd5uCCs84cdQQ,3
1524,WtV3KF6v8_inzeGh4-jxBQ,5
1525,rHFvYf6m7D-NBoHGKL0wpQ,1
1526,bwTeD5qfTR_tf9JfiU2czw,1
1527,Nbgtb-mg_FQAiPTUQmcqxw,3
1528,9qYyBVPDDJKWpcyP3MXsbw,3
1529,sNtZ8d_3DaNI98vMMtpQ8g,5
1530,1ABxcgyAqa0axtpP1zCTJQ,5
1531,2FAgCfv2qvfO5tx1Mb4FyA,4
1532,Wcyc709oWWutmt0-6de6fg,5
1533,ooNolNx7JpTfvmjLNW2Llw,3
1534,jyZtalL7VlNG9OiPNtUGyA,4
1535,JA9YhlnUtcflk1C4ibvZzg,4
1536,Ykn6TiNgkauxESIMWedP5g,4
1537,oSMKac5sA0fr5Md11ScGhg,1
1538,HXPUZqL5M9BI7FryYQ5QHA,1
1539,oMEMu86JHVqXnyiRk5jEYA,4
1540,ficFdxIzskzB3svqXdWR6Q,5
1541,0NQ_xniX5QaE3_ANdvTiYg,1
1542,Bn0sgoPOGzJJMT386gw1uA,5
1543,17RmwdH89SKGqidzYVmeVg,5
1544,sRuOueO5DBV1LJqMwu24Ww,5
1545,ULsP1CTtbY7_N7lvWhk7yw,5
1546,zqAyiTzQnX_qp2kreHfH0w,5
1547,ftIzOEJPFT32Py0i9T5bnw,3
1548,FWCPeMBk3Dk_PSTSGj3PUA,5
1549,Ly5cUPIBzzysQLJXNR6xJg,4
1550,Q9LiHbRcw2sN1f-AGqYw1w,3
1551,hT5hofs9uZibwetiyIoA3g,4
1552,p7JQDArCazq1ZdHh3MeYVQ,5
1553,WnXKvjPOff7XfxN9xedGzA,1
1554,QaGoNSnY4jMPyh0GJtNOOg,5
1555,pC4Sy6ifn3IsSINB2jhDvg,1
1556,RCynZ6fgZ60vOKVM6h94NQ,5
1557,7rEWd41BtEyudMjnMVV5dw,4
1558,btHDXz0_pRSNSJ2yIJBnIg,4
1559,rpwN240PPqXLkYTfKzkMMw,1
1560,EF37sMHbvupKqatOEHj0iw,1
1561,weL1ANq0p4hOlsusL8uNQw,5
1562,ZKNKHo8i9cvfnXaKwvj_8w,3
1563,j9ZZHAz2Uvr0fNE90CcC4g,3
1564,lqTfZmGEpmywiUX7ArTg8Q,4
1565,KCnTz_bRTrc_CWQAj5NN4g,4
1566,EJhu6IFW9vDD3ANvJ6KMUA,5
1567,eUGSw8uS_9GUuHvRG0henQ,5
1568,1uIkCY1AxByJFinpEc7WVg,5
1569,kFtGzP-7PoHsGflouHimbA,4
1570,iRhVrmnID1M3aggQIwhzBA,5
1571,npybKs1t5viCV5zFP0CJQA,5
1572,vQ9T1TT7l0qvckGFHH2V7A,5
1573,oGEaK4uoogi3JgliWLgvTg,3
1574,pPeF9wYPLgQlL-o97_ZUlw,4
1575,5DqCB5cYo7nsvraoUf6zUg,1
1576,crZP9Sx6Z--5-8YELttNxQ,5
1577,b2DY2Pr6O-xFdEhNjY-cGw,3
1578,ldHMtOks6iM4ckqSivr-3g,3
1579,xAuvOdyX5J5nj5G41KXyQg,5
1580,ttq6kwdwpPIjwWmlDwKADA,4
1581,STMN4TY_fn8frXpScEU4gQ,5
1582,erwEPS0VzKH6sxCy4da4hw,5
1583,0bSJE4o0X7mB3GrvapAYYQ,5
1584,MSD8N8MlR3Ax3-CGNmGFdw,1
1585,uoupzt2iEE05S5YmT1PO_w,3
1586,U__6auBrp9yw2OmaIn5b0w,5
1587,ePsbk5PXhs7wHGtZj3sk0g,5
1588,HX4Nax8OdjoagzoBcSJJ4Q,1
1589,CItQgbyHRwD8xB4nGQdAJg,1
1590,miWpZTxeYGYfuPnGeEn2-A,5
1591,xpC3g59RJNilJeZ9yW0MiQ,1
1592,YBdeb4-1LkozrQ4PEQH8NA,3
1593,2IHNuHlN2XgSneWT33hixA,1
1594,aF7VcRyKyCm6BOKExUikZA,4
1595,yYihoETyIvohpnz8-RQUng,1
1596,b02_35RU20Nxkfd6wdv_BQ,3
1597,vK6Q3aiyraHL-pTx3homdg,5
1598,eiRSyCJyHZRGJaeprV8RCQ,4
1599,e9Rom8s7fE0SyL0uuc2j2g,5
1600,muGRPSGodI_lT5DZupoFBg,3
1601,Ig8uTr6u_MfQRqjtjPWclA,5
1602,tjpkVCNv9dhXjjFq90hzFQ,5
1603,eunCLjy9KkOP3mUT-IZvkA,1
1604,IGwpVMCh7kFoG-B4pQ-2cw,4
1605,xYPvv9GdRWV1LMwYizwzpg,1
1606,9V_G3crExeCbPYXhcBbQ9A,5
1607,OEc34iYsjUBW7I9cl6SwGg,4
1608,izZ8Ati12xNDIYdFB1Aekg,4
1609,HXrH7Js0NkxedWpmqUt7JA,4
1610,ey_BkYdWwAZXLV8JSaxKjg,5
1611,GwUM12IQe_N8LWf7XmK0vg,5
1612,r5JEBDJogVJKl-CrSBKazg,1
1613,kj7RMQNb6PQIatuY_5oHKg,4
1614,93hePfgvy1e7av1_rlb6bw,2
1615,oZaIQ9pKmgtcVAtk6BkR3w,5
1616,dEATlJzzflbx8pfNpn0Yhg,3
1617,TSSB8BzFRxA1O2zSf6N44g,2
1618,3xR5xVn_SzufErls3m41xQ,5
1619,p9KyWogpmY_1MlDFeeYkgA,5
1620,m6-SBhmZw9I0KaMwSk1_zg,5
1621,XCF_VT0uBuXbampF-uHrZw,2
1622,GLbYS2MDHMGTnXOHskWNhg,1
1623,OjkemZpc_zOAXmB_c2iRPg,4
1624,CDCt2TsdBGcXavsEEddzQA,3
1625,Sc3xmgR5VHvLL572l5o0yA,1
1626,k1UkkeNt2WXbSw6VKt_YtA,2
1627,KWZRNeA78LhCmMgjzZKwyw,3
1628,s9gfVfvTc7zfhwws36LXJA,2
1629,_vcLklv9Sxdg7IThCQsrvA,4
1630,4-wDUxLQI70ezHk9uJG3zA,5
1631,Hy3qwXJlSdBgVWplWdo0_w,4
1632,D4jm9SyfJ-yYc6TuCYQoNQ,5
1633,fA2NlOShdcRhz32YT54lPw,5
1634,dszy8QX9RqeKiHQY5MrZag,4
1635,LH5Adjtn9UPfQWCOVFUd-g,3
1636,XK8V4rOas1RohiDoTUvJDg,4
1637,7vCPcSaar85vxXHV4QiCnA,2
1638,O9Abbuz8KBCQzSj8EFUM7g,4
1639,Elz8pYAQMtpPvBr0WJoGBw,4
1640,gWaj1klluxkOu0n2WnfY6Q,5
1641,p0Fl7Hdu86O6Dwi4AzCJgA,5
1642,A5HBXgp9UV0knydSg7tKFQ,4
1643,kMxkNfq672zonLh65Pchnw,3
1644,r9yn9hZx9d2gyOehmGs-5g,5
1645,9IMwyv1gAMZvj62TMtO8Lg,4
1646,eeSIYj5ds7XXvx1seNw-YA,1
1647,MbxHg3HhwA5k9tj1OqYgqA,3
1648,O14NgnNMjaHuH9uyJrOhTA,4
1649,EZOZUP7HnxCaJMJFQKPRBw,3
1650,sVTP8HQVGjs-S9_AFKStZg,4
1651,JHpyd85WHT7-JBWpbHzzag,5
1652,hM3V5XpQOB0PpqavJluY2A,3
1653,imaxgyapjro9iwN9oThs9Q,2
1654,LYl6r-Ux4JxbMGmafKMi2g,4
1655,F_xDU8FLTMtcdqVzkh_kPQ,5
1656,8C6EtNFvzTvi2V4Qb9IqbA,2
1657,2E7XMb8mRUHrFU-oCNoxRQ,4
1658,cbrsqieL3aWVjLeeXXW4dw,5
1659,6zmhNZVMtr3oWrafHw4_4g,4
1660,3afY-QhGgGnpJ2DJd_Dp9w,1
1661,cXa_wdpFQd0nkyXA2k-Hfw,1
1662,e5sRbR93-kiJxW4dl0adWA,2
1663,CN1eFAyt-rWlKSRZAHUicA,5
1664,mhtkJWV5b1Eqva7JnJIoCw,4
1665,PPAQ59aMZkUPRScAZLFvpw,5
1666,rn4kBErIZS5gT01QWYsm2w,5
1667,vFByZuYjNEOQVM2zHV4gyQ,4
1668,XiqAInxXER1kwnbUbRMQLg,5
1669,pf_36DKpH_xgL8EqrsF4hA,4
1670,K089dnYbaAjVV5n9fCOQeg,5
1671,r5IX5ONDLi7CpCHTmGsqbw,5
1672,HLsvvRrAfsovYmAmvy30nA,5
1673,UG2fzSZDSwbH7RxODHRrOQ,4
1674,q6DEo78Q443yROjc3zm17w,4
1675,wD5qXWVBXP1s81u1lhXIRA,3
1676,gm6rRN67WJNkVTlNjkPYQw,5
1677,1-I3TCw1KQAg-fJomVeQXQ,3
1678,x6jJj0guXnLt0xZkPwO8RA,5
1679,WTnEzmeJG_CkBffD6Pru9w,1
1680,iZYVwMUoUoBW0vBKxRpGPw,5
1681,LVaDw4Oq9ZYao8BgkNJNKA,1
1682,XE9fhz3meztk9JvbgMmnPg,5
1683,UchPEqAclgWbAeAZxBqyhA,5
1684,sNscAyYENDaO7nDJhqURPA,5
1685,oglwJz9TvBHgmzDFtcihNw,5
1686,RX9nHpC41-qMtRNqSPmZDw,5
1687,qlcuHcPOyoGPzqKpDbcJvw,2
1688,ouBZx2TftyeAPa3JRIiZbA,1
1689,hc_dCfQoogSDEVTMB0OXFQ,1
1690,ENamqGiYV0pN2_0XoJ09-Q,5
1691,dIqYbmP_BNiKtPGjrG5yVg,4
1692,6SJsm3iENlaa4URhTgp6dA,5
1693,Es9o1dN_ZSW0DkLMu93MnQ,5
1694,MZcDQT-UpYneMRkRhYRuvw,1
1695,LjAzRhc90yiFhSWKb3BXaQ,5
1696,4YDMd2n3-Lez9bSQF4ry9A,1
1697,_jZoYjs4ucRPpxzGA-qe6w,1
1698,-9k-I6azULKDB8RVR6fnNQ,5
1699,0XIF0_vzHspkIK1jjgOr2g,5
1700,5TZoMvs1z0-lI82Qp4R6Ng,5
1701,tv65BSsbeWd_qT5Jj9u17w,1
1702,4xs5Y2dUpYFsbSIJQO-kdg,5
1703,wyXJyZ6lpNyLsoFctQLnBg,5
1704,kydtgbHXmVGr8t1dDmUyHg,3
1705,yNNOEhz3_7-Q_dq-sgICLA,5
1706,6tQevduA4jd8cGV68q7Bgg,4
1707,ZzHKRxgpCgrN5FzBiRSQQA,5
1708,e6ERbhvg_Xr1Da_TvP96Bg,3
1709,FSObvy6ZGjjz_WhXeb4png,4
1710,JqEmW7UivDw7kXudXNekIw,5
1711,NV1tqX2FiGUAeNUfKGrnpw,5
1712,zxg2NyKFuxbHlk8-e9MdNg,5
1713,99wD_l4D6Sw7Kesaq9GPhg,5
1714,oGJUwBsWaFyaPhYa99eLkg,5
1715,vQa5uhfaw78GRGkYlwh5eA,1
1716,lWmeUKC1o_mIgenFIRGQcw,5
1717,XJ69-QTlbqw3V0eucjvoog,4
1718,554dxqFqZU3TMrYupLcYew,3
1719,LGhGo1w1qRf0ojLtJWF3vw,5
1720,FzB88pBR1JHbWcnNAaMosA,1
1721,Mm8HmGaXLtgNboe15AME0Q,1
1722,tCChzT4xpl1WOtK-VbWowg,5
1723,K2c7ZYglhZ9qkdda8l7tVg,4
1724,uwtPBXBhJdFjiBl1Zde3yA,4
1725,iIzLgOQ_YswRJdVjUuUI3g,5
1726,B2NtWZiEQd7rQApWiCjOMA,5
1727,cCM1EMvq6Jd7TLldQ1o35g,1
1728,4OTvb8477Jso3boJk-eTsw,5
1729,i9SJsmZC7MxjtVwmO2nTSQ,4
1730,-KxlIGusvBM1LKZL1NnMZQ,5
1731,PtHc-Bk1i-nETYvkRHAnLg,1
1732,tF1PcTGD_iW_PLqinjr2pA,3
1733,K-SDo3E8aBNFHZxaqYJ60Q,5
1734,__o_L27JQ00grsHrxMNtVw,5
1735,zpCCv1qvIc3YBC_3YUDxlg,5
1736,OK6zpKxzZt7xIwLG88o0hA,4
1737,FIP9ZgKF5Pk-1JxotwSGGw,4
1738,R45vT7JF-2JigWfTFh5iJQ,4
1739,ZH5vHN4qFVPBv6Jk8CU1tA,5
1740,mbIstk8MOIDldEl8F5wTGw,5
1741,zqCbHyXfFFiDblTcKnn7lg,4
1742,pfA_JAUaOUa9VsdWe4aSOQ,5
1743,JWZ2HOdZwt319-LDTjQ_9w,2
1744,BIWTNtaOwphuGyGlfOA-Kw,5
1745,zt8jgNl0vahwEiADIZLuNw,5
1746,ifyhP6ZssjLcXOHqXkgv0g,5
1747,dbwyPgZaSB1oQZLxn_iggw,5
1748,K3Gv-af0JrtIZ5l7dIwURA,5
1749,vo3Qw9bhquCGQ_yFOuytJg,1
1750,PQLfyHnNmfwmRactGxdyww,5
1751,NAnAs0yoPsOqykq6z_yokg,5
1752,rPx7zIJqS_x-GRVLUFPOow,4
1753,MXeUM6P4kbP2MKMzu9K39g,5
1754,1c7bSo356VaJOUXQSMEIoQ,5
1755,whspjWZ8WrVTFTGt4te7IA,5
1756,5L6AXcbZlNFxhTbQ0UW9Kw,4
1757,Lbi1dJCvQg8zcsUdeW7SFQ,5
1758,80tW-E4Ep_gLWYx1exGfRA,1
1759,sRCJMgJulKn2UATUbMRWgg,4
1760,2mRPFW_1U_dE6b81aIvEBg,1
1761,xdE36s0EuV3tnUCUZ9JR3A,5
1762,MGA0YKgxKltbR14rjRGU4g,1
1763,XC9i949lo-CP2LmuRbI2SQ,5
1764,d3Zx05gwWuU8utkFH6oMlA,4
1765,ev6wCuE0ACVyp279S7th6A,5
1766,gZITaUSvzBUijZvNGXO_Cg,1
1767,fqreoSwcKdMcitjQwFsxZw,1
1768,li7UpXsScGaXMqw1_GhPlA,1
1769,lPi_nMoprTA0_2e4ra_1Yg,3
1770,wxlGF5a1DboAv1mOxkGL_Q,1
1771,7bq2PfK8qY-pVqvXJbYvPA,4
1772,zLILIn0fL6sc024091rHLw,4
1773,7RpInXi1EBBA0hmwQu2tTw,5
1774,5ORtQFsEsBIMju2lsSMeUw,4
1775,VawhUoThPwl6keO2PyfpBQ,1
1776,jCt0W28vuOc7Tm82RAz6Sg,4
1777,tiwQqvsKOA3isd2eJseFnA,5
1778,OjuMt9OOr0GytorbzLLjKA,5
1779,3oG4YCjKnxS_0JzH5Mg-kA,4
1780,_3h8LQUeDNoqdZqxOwLqaQ,5
1781,6VGcOPKY5S-3hqbPmAbp5Q,1
1782,pl0evorJ2f4xGlXpaJgNxg,2
1783,AQ6xy-OyBQ8PqEkeTdFCeQ,5
1784,6ikqaQKb5B-fDonJd2IWgg,1
1785,8Kv3qyP96sfuRbyf_kHwEQ,4
1786,6k68ymLfrlT0-ehVOlMOBQ,5
1787,Hp6r1ZeUPfOUiqmi5-vTJg,5
1788,nK6yoo3kg6LgxEGKpoPsgg,4
1789,xGbYiqfYpBK02ifFeUNk4w,4
1790,RT-YGeYmKDEiw1YkYbuIZw,4
1791,cFS2UPrO37PxeKr_5qOjAg,4
1792,24JMCiumpaBxK-h8rFPRIg,5
1793,_qC359tzUGUghsq7Rmy7oA,5
1794,zQUlU-_eA5JMg_iZWigKRw,5
1795,kXYvXISKBa-aGJiGgym1dQ,5
1796,OTosnBMaiaes5jCwh1G5zg,3
1797,vAPBMCfXda4Lm0wjqKcFrg,3
1798,Sm-ZqBGZZ63UKQ5C3z5baw,5
1799,lHagwn_mCfWiJMGjBc5mRw,5
1800,sXi6H2i2v8EGuEN0UgqS7A,5
1801,xsCu9j-1Qe1r2LPOHJUf3A,4
1802,GMIwfQAqba7x486STlEKLQ,5
1803,dPu_AO40kdvqMfU_fDVEDg,5
1804,M0CB8DZiKnA1IQN5g3fu2Q,5
1805,-ri8ChBN8ga3cNarTnsmKw,4
1806,EeF-SRzJCfooanD3j4Zmiw,3
1807,0mC-Bap1SMAT5c1B0pGlLA,1
1808,csaznSXYTukkxvjy5nmq2Q,5
1809,hWiGYLKe6EUAeflAIdfcuA,4
1810,7msErTTdj4WaeM_DXnXrXQ,3
1811,zTqw2cL-SvognmiNDV6cUA,3
1812,s_LiQCIOAFHQ3bbg6rpfPQ,5
1813,aRIpmFKPNT_vzgG0egrnZQ,4
1814,8oVaeQGXwJnmgeLaeDUsmA,4
1815,hNKJjK6uuGWur_rRY_TVnw,5
1816,xgOidfAiDkdY0HR76iWjnQ,5
1817,KjxEE-DIWXZUUTtywNJ7VA,4
1818,qxUSFFig3b8mxGmWViz3xg,5
1819,kc68_CXOzgoywthizSLhNw,5
1820,t9I-ImxVvFROUhPE-Xnaxw,4
1821,KtNLBAHwJ9vQ8_f_iZJVqg,1
1822,L7u3Dknzjb8YpbHPJldx9g,5
1823,ogtHgvfgnE2lmqL4FOC3hg,5
1824,jbcqyHPRYxCgVxCeHcM1VQ,5
1825,pGyLiMjyXtU3gh9_qQpO4g,5
1826,VCtoc7t4OcvRH1-3z3z2ig,5
1827,Wn_yIXqZG_8btoJ4PQdKHA,5
1828,_k-D90NxIyYrIoh6dYJm1A,5
1829,zjjbqnHgKOrileKMRlZG2A,5
1830,Y_tKGEUjoUKj8Ytolpr5Ng,4
1831,p8qsjf1wUg5eU7HTO2pePw,4
1832,4CNP_tJGH7tR3UxI-Je_6w,2
1833,Okm6Gqc2Xht89K6sQQhdzA,5
1834,HNRIaLuAMTRxap_Qjwk4Rw,1
1835,qOwph83468w9MY07P7viBw,1
1836,YNbgqVpNfgp-QoJ_UE9GHA,5
1837,INVuQNTi4JpfddrqgmoJKA,5
1838,BgZu4-HUrJy3dsZellI6og,1
1839,2_JgnqKmrVSoP15Mmqp4EQ,1
1840,Awz0pdZbfSHnprg3cyq2aw,5
1841,--7E__Pjj70JZ9z83hIGdw,5
1842,9XOwxIeQ81qvdCS0fnOwOg,5
1843,8KAQmPe8HFXGtMlBT_HKrg,5
1844,1_2hKg1Ay1Gn6xu5sExE3w,5
1845,sMijleOkny2f6PJ4OaUkqw,1
1846,kW6FL91XBAE69syKvrOnYQ,1
1847,pg_U8P94NPrqNE2qGg0ZkA,5
1848,O_RywEKexevtEsWrOcpASQ,5
1849,4ji4j3cqMtxtWi7QVyLJYQ,5
1850,cg4PZipuAjDJT9eAFz-SEQ,5
1851,SLBIo1wZU_X2z5EnAXgHiQ,5
1852,tuhpckx5aQJc_bDMed3flg,5
1853,s1l12PFcITvrBZa11KiQHA,1
1854,CgIpzN27yRctFEj_PqPDXg,1
1855,FAD-H5dTg-MfWD46NE9vug,2
1856,_2h7M_2JAV9LUeUSCYo2uA,4
1857,ramG84HYTbY1fGHrEN7wTA,5
1858,OW8Mv9fEXU-OQwI3y93gIA,4
1859,mRCIWZu9EhZUi-WCv8pEig,3
1860,fuIl4D2FtWgbJK1AsqBdhg,4
1861,31mh_jz1VUruK39RyeKGIA,4
1862,yxABifqHZfNGBWcHJDR4Ig,5
1863,jVTOPtDrP7pjXKFSoQS_tQ,3
1864,x9uxyNEJWJWptEIWpgTj1Q,5
1865,Z2O6z8V3ECySPcryT2F2gg,5
1866,m6EzOQeSR1Yi_qVGdit5jQ,5
1867,AD1mswri74xk6-oVak81qQ,4
1868,8GvV1n4fDZ_RcDRRFGgZWQ,5
1869,h5O2NSQbBkjA5wtODpF-Gg,5
1870,QSQ1FC5Wj-8jWb6tBbjJ6Q,5
1871,RWsbxxsJD8LE-CJf-dM_PQ,4
1872,MUFQG6dK-jqE3ByzaO8XzA,4
1873,F2ZtEbcy18GilO5GIepQFA,5
1874,JSjicHcBQi6SwrFmaoHkfQ,5
1875,MvB90LKGBb9pLEg-hSClnA,5
1876,-L0dYFDDZa9j8_jE5oVpYQ,5
1877,lz2AQZtuFDIlW7KOZ5QZYA,3
1878,PnAR2U3IIbJ2ov-2K9eH4w,4
1879,YdrZUpsHUMv2l98dJTAmYw,5
1880,XN3UxAZxvBD5XasejOggog,5
1881,cRkGG6m-RCZRRGCw6u2GeQ,5
1882,SIcX_ZD9zIgUpc9jS57J1A,3
1883,Hc-r3J4kd5XJVI3vjhPTog,1
1884,pUrr78Olp6JCQrZM-Lba2A,5
1885,HwqTX-yy1dtQOocmmz0gVA,5
1886,kkYY5zDpEWPG-n2CD6SMbg,5
1887,n5CFgYd_VlB0eYx5Uge68A,3
1888,D5Ku_E24MQZvklwX4cmpzg,3
1889,LgwBUI9WDd4zHU-_gP3eYg,4
1890,32SudFHbIirop4fyzmL8Og,1
1891,ebSpg4QmafPe1zFJDP1Vow,5
1892,cesMC-TOjJvsXVifv66g3w,3
1893,x1r-apnXKpqgNGhYI0lZlw,5
1894,nCzP2Sx3PNlnvfivl0C_bw,4
1895,GXk7fVDLptxjh68M5dboXQ,1
1896,dUGeay1RgKklHRyAu44eCQ,5
1897,4XeOuvBOkOkti2R5wmnyyg,1
1898,CKUoBclL0BjDNOo0PtUTJg,4
1899,VSXZL1Q6jFaEq-F432GS-A,3
1900,nlp4jC4WZ9-UMNnV7I-lbQ,4
1901,J_4JBeAlDhPWaQmmvsaYUg,2
1902,9hCwlcEt7BVPpHEP93_9WQ,5
1903,xoQMroFRJ4h60IDAZGunMg,5
1904,yMTLFOEdGAWVrS_FbnPqvg,3
1905,8BDGFJOWPKxq-QMAhTnkmQ,5
1906,H92aJF-xJ4lkGbEl55jMDQ,5
1907,qQURuo0TZTHiB1ETS8-ifA,5
1908,Nk4D2HK67T847LwH3cQTGQ,1
1909,yjFbmz1OHeCAw690evKkSw,1
1910,Re84xJpWU5kPIi0JD9IwUw,1
1911,M-Kw27K-5JEP61uBimKaiQ,5
1912,mRZF7_XyUFPaJds2_Kl59w,4
1913,_4CdvrbYQjqjAoE61O4-ww,5
1914,R-63CCopDkrBrpm0Gsr9Uw,1
1915,s5KbJ3EdkaN-AYewniAhww,5
1916,uqZBcG2pke3_Wf_xFmBoJg,4
1917,eR2hthHoNdVKqhU5vp5Dug,5
1918,1UsYVf5m88Vtgvbhsd1QsA,2
1919,xkDzpLQhiRK1mn63QVMP3Q,1
1920,W8vZBL9jnJ1NSL6My-K4_g,5
1921,M53z0aNqEv2X-HhTOYja5A,4
1922,7KVm5RAU9RC2EcMswHsCog,1
1923,OsMEeg29dWdEqskmWlHKTA,5
1924,dtGdMmIZUvF932Ax1zkxaw,1
1925,ntOaxY3B20s4nWGQ2nauBg,5
1926,wEmPNQ8T1yVDWgf-birZ2A,5
1927,ev6_ZY6iCx1qGY3bn9fbYQ,5
1928,or-raqMpwKjXhKw4rOg98g,5
1929,HOSqiJu8u8VHiaVKLDEsVQ,3
1930,mgUBWx14mSQcEB0OOlCzLg,4
1931,8jm6LoDmuka_GTsYFcBdAQ,5
1932,ZbX4ZZ8u96cxnKtFCVZr2w,1
1933,zCRNZJogA3dQNBE-PlaH3g,5
1934,sYqXgS4-66m6VF5QJc2zAw,4
1935,gCBAq74lPFzLhK2AlN3JRw,4
1936,A48vYqEoYgRIonlvkHzt9A,4
1937,KfOn-syWl1_diHZUzu_TKg,5
1938,8X7hUEovOID-aYq3u7c08w,5
1939,9Mol0UkjQD9upWe-R_Nu_Q,5
1940,48IlkTNjXLeHmzn3QN6ntA,3
1941,iM4ISaw7J8LAiNnRycQ45w,2
1942,WnSzkEMYyMSOrBmnh3Tc1g,2
1943,mpwSEloeWNX4xLvOLa-5Cg,5
1944,sR1EY3Dw9vbStwi2LXBg_Q,5
1945,LJ7Fqb2hlrGhYL-HK_VGAQ,5
1946,-rNmwP53_QaZCjnZznhMNg,1
1947,ilPGtLJOI8nmAf--NgqgGQ,5
1948,v0l_phBduzprbC2Fb_i7_w,5
1949,a-iQ1X0tsGxlkmYlzdeW8Q,1
1950,-0NM6uef1HjFC8CwEVDO2Q,4
1951,6g9_t-WnPnDVLHxTmF_MZA,5
1952,3oGfNTvtKXlCX4f1_m7UZQ,4
1953,a3crASQVMmtkGwM9GlPSJA,4
1954,tpMWSk694hVi3-PgoGmJ8Q,5
1955,Rosi6oSrt8wWC-wCkrJ0hw,5
1956,-RgNOVpsTnFR8tRP4R7i-A,3
1957,pycrAgjXsnLkLK-jQvCd3Q,4
1958,r2RkETJD4wCjOzH2drIZQA,5
1959,Z8XB-epdYB_V9blAUKCj7g,5
1960,dRTZvgj3Sp05XQ4mlhif3Q,4
1961,mJXHjSvLZVz0OXwHb9U8Ig,4
1962,BzOZOuFU-JVLB6T0IgIkUA,5
1963,6SKCpUGthiVyHocB3UdwHg,5
1964,Jz65KrpfsJg0LGMWiIW2Dw,1
1965,MlRBvC8vCcnjK46u8a_mKg,1
1966,ri0j2yc9nTgEmPaxOdxnew,4
1967,d8gu-y1jRxKFcIWPoz1iFQ,2
1968,F9W82LO6NisxThiHJ1wOwg,4
1969,r8G2VardSVnCsqIARgvc8A,1
1970,N4RhBESzjU_FitqD80cJIQ,5
1971,KzThjDRcRGuf-GCAK0lyIQ,5
1972,RTv2fRugKNlKWawxqkN-YQ,1
1973,qrY7BcArBzoWJ5uzQi_8tA,5
1974,Pgj6V7_vRk50KFIjbjKd7w,5
1975,SQhCViIPWpq83_DGaMh6yQ,4
1976,tvmFP3e1XSd0hcPmM2QoVQ,1
1977,HAYVHhJAV4PeKLuJ3KzxKw,4
1978,4dNuXgqBAuh2XzjEUocxMw,5
1979,UrIdiMqfN7iObiSWD-sGwg,2
1980,HhWEj9zKp24d74SsnifSIQ,1
1981,Rp5uP14uXqHGW2RSFo6-hw,1
1982,0Z3uLkC_YdRqydHqRNvk4Q,2
1983,7NmJc8jSuZclM2qBTnRz4A,3
1984,hWcMTemMet9GZAtpQj-fsg,3
1985,vxnNuk_NwlIuGIefk1MIEA,5
1986,JKXPOIQfuDgVGXO_0RhViQ,3
1987,ytgs2c_tq95Ueguluot-yg,4
1988,NDDiN1m-lqbEB6E817c2Zg,4
1989,btxpLF9b_qfb2fquRs3xgA,5
1990,LNLkORQWyiGAgNzkJqaREg,1
1991,047pI79w6uWB3hGCeoi0pw,4
1992,3X272bYfGRbuJqNBNcmB8g,5
1993,m1z0ZnuXDuPmH0GsY26VLA,3
1994,F0x5GUMMnaLNemJVLz0Jdg,3
1995,b7nE8KfrTQOU8QiZiLvlDA,5
1996,TsEzGvNX8Q0aJXGZBfYQ2w,4
1997,yuwbV4vtYheZBW4gMDLxgQ,3
1998,uJSHhBzlC8GzZgAm_YN6TQ,1
1999,VA5kAL4h3s3a4XnX_dQwuA,5
